Major Genre,Creative Type,MPAA Rating,Running Time min,Rotten Tomatoes Rating,IMDB Rating,IMDB Votes
Romantic Comedy,Contemporary Fiction,R,104.0,,,
Action,Contemporary Fiction,R,108.0,55.0,5.8,33584.0
Black Comedy,Fantasy,R,136.0,98.0,8.0,76635.0
Comedy,Contemporary Fiction,PG-13,95.0,52.0,5.8,51109.0
Action,Contemporary Fiction,PG-13,106.0,13.0,5.2,15817.0
Adventure,Fantasy,,108.0,65.0,5.9,45773.0
Drama,Contemporary Fiction,R,111.0,55.0,6.1,9908.0
Drama,Historical Fiction,R,115.0,85.0,6.6,19682.0
Drama,Contemporary Fiction,PG-13,108.0,28.0,5.6,23472.0
Action,Contemporary Fiction,PG-13,115.0,22.0,5.4,20052.0
Adventure,Fantasy,PG-13,108.0,50.0,6.2,26309.0
Romantic Comedy,Historical Fiction,PG,111.0,,6.8,13798.0
Action,Science Fiction,R,101.0,56.0,5.3,23262.0
Action,Contemporary Fiction,R,115.0,34.0,5.9,37287.0
Horror,Fantasy,R,107.0,63.0,7.1,80234.0
Drama,,PG-13,90.0,,,
Action,Contemporary Fiction,R,98.0,14.0,4.9,4215.0
Musical,Kids Fiction,G,75.0,,,
Thriller/Suspense,Contemporary Fiction,R,87.0,94.0,8.3,165159.0
Comedy,Contemporary Fiction,PG,90.0,41.0,5.6,14682.0
Action,Dramatization,R,109.0,51.0,6.6,19735.0
Action,Contemporary Fiction,R,92.0,13.0,4.9,7230.0
Drama,Historical Fiction,G,222.0,97.0,8.2,78947.0
Comedy,Contemporary Fiction,PG-13,92.0,58.0,6.9,54111.0
Adventure,Kids Fiction,PG,101.0,45.0,5.8,2963.0
Adventure,Science Fiction,PG-13,145.0,61.0,6.5,149493.0
Adventure,Science Fiction,PG-13,95.0,23.0,4.1,13770.0
Adventure,Contemporary Fiction,PG-13,138.0,,6.9,82601.0
Drama,Contemporary Fiction,PG-13,113.0,17.0,5.3,17267.0
Comedy,Kids Fiction,PG,89.0,16.0,4.9,22928.0
Thriller/Suspense,Contemporary Fiction,R,120.0,16.0,5.3,6482.0
Comedy,Contemporary Fiction,R,113.0,51.0,6.7,28404.0
,,,100.0,,,
Action,Contemporary Fiction,R,120.0,69.0,6.6,28257.0
Action,Historical Fiction,R,100.0,,,
Action,Science Fiction,R,137.0,100.0,7.5,84.0
Comedy,Science Fiction,PG-13,110.0,50.0,6.3,76396.0
Drama,Contemporary Fiction,,87.0,22.0,5.7,9307.0
Romantic Comedy,Contemporary Fiction,PG-13,127.0,54.0,6.0,6055.0
Action,Contemporary Fiction,PG-13,110.0,,6.9,86222.0
Comedy,Science Fiction,PG-13,117.0,44.0,5.7,11935.0
Drama,Historical Fiction,R,160.0,83.0,7.3,54484.0
Comedy,Kids Fiction,PG-13,95.0,67.0,5.6,32234.0
Drama,Contemporary Fiction,PG,124.0,50.0,6.3,26823.0
Action,Super Hero,PG,100.0,43.0,4.8,9477.0
Adventure,Fantasy,G,94.0,27.0,5.3,1734.0
Action,Contemporary Fiction,R,121.0,70.0,6.6,38524.0
Action,Contemporary Fiction,R,100.0,,,
Drama,Contemporary Fiction,PG-13,120.0,,6.5,78.0
Action,Contemporary Fiction,R,136.0,66.0,7.2,108324.0
Comedy,Contemporary Fiction,PG,93.0,33.0,5.2,9693.0
Drama,Dramatization,PG-13,105.0,90.0,7.6,22439.0
Drama,Contemporary Fiction,R,120.0,61.0,6.3,4570.0
Horror,Fantasy,R,93.0,18.0,5.3,7888.0
Drama,Contemporary Fiction,R,133.0,96.0,8.0,41785.0
Drama,Dramatization,R,105.0,73.0,7.3,51874.0
Drama,Dramatization,R,99.0,,7.0,741.0
Comedy,Contemporary Fiction,R,115.0,12.0,3.9,18012.0
Drama,Dramatization,PG-13,90.0,,7.0,7581.0
Comedy,Contemporary Fiction,PG-13,81.0,7.0,4.7,12682.0
Romantic Comedy,Contemporary Fiction,R,105.0,69.0,6.1,17274.0
Thriller/Suspense,Contemporary Fiction,R,117.0,40.0,5.6,20640.0
Thriller/Suspense,Fantasy,R,100.0,45.0,5.9,21130.0
Drama,Contemporary Fiction,R,94.0,89.0,8.2,150483.0
Drama,Contemporary Fiction,R,150.0,68.0,7.1,38577.0
Drama,Historical Fiction,PG,110.0,92.0,6.7,25916.0
Action,Contemporary Fiction,PG-13,117.0,57.0,6.0,61665.0
Drama,Historical Fiction,PG-13,100.0,,5.6,365.0
Musical,Fantasy,G,103.0,,8.3,102795.0
Thriller/Suspense,Contemporary Fiction,R,132.0,65.0,6.3,18569.0
Drama,Contemporary Fiction,R,117.0,55.0,5.9,8038.0
Drama,Contemporary Fiction,R,101.0,,5.7,4837.0
Comedy,Kids Fiction,G,100.0,30.0,4.4,7147.0
Romantic Comedy,Contemporary Fiction,PG-13,97.0,,6.9,61910.0
Action,Contemporary Fiction,PG-13,108.0,28.0,5.4,8914.0
Comedy,Contemporary Fiction,PG-13,98.0,,6.1,32634.0
Horror,Fantasy,R,91.0,,5.1,23243.0
Horror,Contemporary Fiction,PG-13,102.0,78.0,6.9,72913.0
Thriller/Suspense,Contemporary Fiction,R,120.0,32.0,6.1,25566.0
Action,Science Fiction,PG-13,158.0,39.0,6.2,396.0
Comedy,Contemporary Fiction,PG-13,103.0,30.0,5.8,17937.0
Horror,Science Fiction,R,113.0,89.0,7.6,103525.0
Horror,Science Fiction,R,91.0,,7.1,69558.0
Drama,Contemporary Fiction,R,123.0,,,
Drama,Historical Fiction,PG,111.0,60.0,7.5,19040.0
Romantic Comedy,Contemporary Fiction,R,91.0,43.0,5.6,2370.0
Romantic Comedy,Contemporary Fiction,PG-13,110.0,42.0,5.8,35515.0
Action,Historical Fiction,R,117.0,60.0,7.8,235508.0
Action,Historical Fiction,R,115.0,94.0,7.3,68726.0
Western,Historical Fiction,R,117.0,89.0,7.9,98355.0
Romantic Comedy,Contemporary Fiction,R,96.0,38.0,5.4,27912.0
Comedy,Contemporary Fiction,R,111.0,,7.5,94557.0
Drama,Contemporary Fiction,R,109.0,52.0,6.8,38311.0
Romantic Comedy,Contemporary Fiction,PG-13,99.0,44.0,6.8,64701.0
Action,Science Fiction,PG-13,123.0,40.0,5.8,32606.0
Thriller/Suspense,Contemporary Fiction,R,106.0,5.0,5.9,31205.0
Drama,Contemporary Fiction,R,110.0,74.0,6.7,55877.0
Comedy,Contemporary Fiction,R,99.0,45.0,6.6,42928.0
Romantic Comedy,Contemporary Fiction,PG-13,101.0,93.0,7.4,48875.0
Adventure,Fantasy,G,96.0,91.0,7.3,56866.0
Thriller/Suspense,Contemporary Fiction,R,120.0,46.0,6.5,20154.0
Action,Science Fiction,PG-13,88.0,10.0,8.1,1193.0
Action,Contemporary Fiction,PG-13,97.0,18.0,6.2,19793.0
Drama,Contemporary Fiction,PG-13,118.0,24.0,6.8,23149.0
Drama,Historical Fiction,R,141.0,,7.3,10054.0
Comedy,Kids Fiction,PG,97.0,45.0,4.6,4698.0
Action,Contemporary Fiction,R,124.0,78.0,6.3,61394.0
Drama,Historical Fiction,PG-13,128.0,11.0,6.0,11994.0
Western,Dramatization,PG-13,137.0,30.0,5.9,10063.0
Comedy,Contemporary Fiction,R,95.0,29.0,5.3,4366.0
Comedy,Contemporary Fiction,PG-13,109.0,37.0,5.8,29891.0
Comedy,Contemporary Fiction,PG,93.0,21.0,4.0,4801.0
Drama,Dramatization,R,159.0,67.0,6.6,31785.0
Action,Science Fiction,R,108.0,,6.2,66141.0
Comedy,Dramatization,R,123.0,88.0,8.0,94424.0
Comedy,Fantasy,PG,78.0,23.0,5.5,43164.0
Comedy,Fantasy,PG-13,101.0,48.0,6.6,92494.0
Horror,Fantasy,R,96.0,1.0,2.3,26028.0
Thriller/Suspense,Contemporary Fiction,R,103.0,32.0,6.1,22994.0
Adventure,Historical Fiction,,135.0,,5.9,4944.0
Comedy,Kids Fiction,PG,92.0,27.0,5.5,19200.0
Adventure,Dramatization,R,175.0,16.0,5.4,59498.0
Drama,Contemporary Fiction,R,118.0,89.0,8.6,292562.0
Comedy,Fantasy,PG-13,84.0,12.0,4.5,6000.0
Comedy,Contemporary Fiction,R,122.0,,8.5,181085.0
Drama,Dramatization,R,157.0,79.0,7.9,114060.0
Drama,Dramatization,R,152.0,77.0,7.1,28477.0
Comedy,Contemporary Fiction,R,105.0,52.0,6.2,66751.0
Comedy,Contemporary Fiction,R,96.0,56.0,6.1,52210.0
Comedy,Contemporary Fiction,R,95.0,59.0,6.9,106624.0
Romantic Comedy,Contemporary Fiction,PG-13,103.0,32.0,5.7,26899.0
Horror,Historical Fiction,R,89.0,24.0,5.8,26303.0
Horror,Contemporary Fiction,PG-13,97.0,,4.3,9565.0
Horror,Contemporary Fiction,PG-13,89.0,38.0,4.2,29430.0
Musical,Factual,G,94.0,85.0,6.6,16513.0
Comedy,Historical Fiction,PG-13,104.0,,7.0,78249.0
Drama,Contemporary Fiction,R,103.0,32.0,5.5,11089.0
Comedy,Contemporary Fiction,PG-13,106.0,43.0,6.1,57088.0
Comedy,Contemporary Fiction,PG-13,81.0,11.0,5.7,23259.0
Comedy,Contemporary Fiction,PG-13,83.0,30.0,4.6,18601.0
Drama,Dramatization,PG-13,147.0,51.0,6.5,14881.0
Comedy,Contemporary Fiction,R,96.0,27.0,5.6,24090.0
Comedy,Contemporary Fiction,R,103.0,68.0,6.6,52894.0
Adventure,Kids Fiction,PG,83.0,95.0,6.8,37343.0
Drama,Contemporary Fiction,PG-13,114.0,64.0,5.9,8514.0
Adventure,Historical Fiction,R,136.0,64.0,7.9,82162.0
Drama,Contemporary Fiction,PG-13,148.0,91.0,7.1,7757.0
Romantic Comedy,Kids Fiction,PG,94.0,12.0,4.2,8740.0
Thriller/Suspense,Contemporary Fiction,R,117.0,60.0,7.2,36051.0
Adventure,Contemporary Fiction,PG-13,150.0,42.0,6.1,194.0
Adventure,Historical Fiction,PG-13,126.0,31.0,6.2,53106.0
Adventure,Fantasy,PG,122.0,,5.9,7626.0
Drama,Science Fiction,PG-13,146.0,,6.9,91901.0
Thriller/Suspense,Contemporary Fiction,R,117.0,16.0,5.5,12484.0
Adventure,Super Hero,PG,94.0,,6.4,5265.0
Drama,Contemporary Fiction,PG,109.0,,6.4,10506.0
Romantic Comedy,Contemporary Fiction,PG-13,138.0,85.0,7.8,92240.0
Drama,Contemporary Fiction,R,121.0,90.0,7.6,29095.0
Action,,PG-13,119.0,47.0,7.2,29886.0
Drama,Contemporary Fiction,PG-13,128.0,33.0,5.6,6872.0
Adventure,Kids Fiction,PG,96.0,,6.4,15552.0
Drama,Fantasy,PG-13,101.0,49.0,6.8,16336.0
Drama,Contemporary Fiction,PG-13,106.0,21.0,4.8,9309.0
Drama,Contemporary Fiction,R,130.0,83.0,7.9,75491.0
Drama,Fantasy,PG,113.0,37.0,7.5,28650.0
Musical,Historical Fiction,PG-13,133.0,53.0,7.5,45611.0
Comedy,Historical Fiction,PG-13,95.0,,6.6,81005.0
Comedy,Science Fiction,PG-13,94.0,54.0,6.2,69140.0
Comedy,Contemporary Fiction,PG-13,89.0,,7.1,74487.0
Action,Contemporary Fiction,PG-13,91.0,15.0,3.4,21432.0
Drama,Dramatization,PG-13,170.0,88.0,7.6,85740.0
Horror,Science Fiction,PG-13,101.0,,5.4,63019.0
Adventure,Historical Fiction,PG,120.0,30.0,5.6,21516.0
Comedy,Contemporary Fiction,R,98.0,66.0,7.3,14929.0
Thriller/Suspense,Contemporary Fiction,R,113.0,23.0,6.1,22157.0
Adventure,Kids Fiction,G,75.0,61.0,6.1,9918.0
Action,Science Fiction,PG-13,100.0,7.0,5.3,27189.0
Comedy,Kids Fiction,PG,94.0,2.0,2.2,9038.0
Action,Contemporary Fiction,R,147.0,24.0,6.2,58002.0
Action,Contemporary Fiction,PG-13,117.0,10.0,5.3,17901.0
Romantic Comedy,Contemporary Fiction,PG-13,94.0,11.0,4.9,7779.0
Action,Contemporary Fiction,R,98.0,9.0,5.4,20931.0
Comedy,Contemporary Fiction,R,98.0,47.0,5.5,7435.0
Thriller/Suspense,Contemporary Fiction,R,98.0,21.0,6.3,25960.0
Action,Super Hero,PG-13,140.0,84.0,8.3,270641.0
Action,Science Fiction,PG-13,121.0,,2.3,39316.0
Action,Super Hero,PG-13,152.0,93.0,8.9,465000.0
Drama,Contemporary Fiction,R,130.0,69.0,6.1,4485.0
Drama,Fantasy,PG-13,167.0,72.0,8.0,137120.0
Comedy,Contemporary Fiction,PG-13,99.0,63.0,6.1,16128.0
Thriller/Suspense,Fantasy,R,108.0,3.0,4.8,7765.0
Romantic Comedy,Contemporary Fiction,PG-13,101.0,9.0,4.8,9030.0
Comedy,Contemporary Fiction,PG-13,115.0,30.0,5.6,32082.0
Comedy,Contemporary Fiction,PG-13,95.0,40.0,4.7,48.0
Comedy,Contemporary Fiction,PG-13,93.0,49.0,5.9,30946.0
Thriller/Suspense,Contemporary Fiction,R,129.0,52.0,7.2,53921.0
Action,Historical Fiction,R,143.0,62.0,8.0,118925.0
Comedy,Contemporary Fiction,G,88.0,50.0,6.0,28950.0
Comedy,Contemporary Fiction,PG-13,80.0,71.0,6.6,22918.0
Drama,Contemporary Fiction,PG-13,112.0,,6.9,41052.0
Drama,Contemporary Fiction,R,130.0,93.0,7.5,20888.0
Comedy,Kids Fiction,PG,90.0,51.0,6.3,30575.0
Black Comedy,Fantasy,R,112.0,92.0,7.9,113568.0
Action,Historical Fiction,PG-13,106.0,36.0,6.1,32575.0
Drama,Historical Fiction,R,172.0,77.0,5.3,102.0
Adventure,Fantasy,,103.0,7.0,4.4,16600.0
Adventure,Fantasy,PG-13,115.0,70.0,6.6,62513.0
Comedy,Contemporary Fiction,PG,88.0,43.0,5.2,9877.0
Drama,Fantasy,PG-13,125.0,77.0,8.1,141099.0
Action,Contemporary Fiction,R,91.0,41.0,5.8,14157.0
Comedy,Contemporary Fiction,R,127.0,78.0,8.2,177960.0
Comedy,Contemporary Fiction,PG-13,98.0,30.0,4.7,21318.0
Action,Dramatization,R,144.0,76.0,7.7,98653.0
Drama,Contemporary Fiction,PG-13,110.0,85.0,7.7,38403.0
Drama,Science Fiction,PG,132.0,38.0,6.4,28827.0
Romantic Comedy,Dramatization,PG,120.0,58.0,7.0,15167.0
Romantic Comedy,Contemporary Fiction,R,108.0,,5.6,26325.0
Romantic Comedy,Contemporary Fiction,R,97.0,80.0,6.8,58213.0
Action,Super Hero,R,121.0,55.0,7.0,64896.0
Horror,Contemporary Fiction,R,87.0,85.0,6.2,87629.0
Comedy,Contemporary Fiction,PG-13,111.0,60.0,6.4,23243.0
Action,Super Hero,R,117.0,,5.5,90.0
Action,Super Hero,R,113.0,,5.7,42477.0
Comedy,Contemporary Fiction,PG-13,94.0,69.0,6.5,51929.0
Thriller/Suspense,Contemporary Fiction,R,110.0,54.0,6.3,16751.0
Horror,Contemporary Fiction,R,90.0,15.0,4.3,10424.0
Drama,Contemporary Fiction,R,115.0,66.0,7.1,28145.0
Comedy,Contemporary Fiction,PG,95.0,,,
Comedy,Contemporary Fiction,PG-13,97.0,67.0,6.2,44128.0
Drama,Dramatization,R,123.0,54.0,7.4,70218.0
Drama,Contemporary Fiction,PG-13,105.0,62.0,5.5,11699.0
Drama,Dramatization,PG-13,135.0,78.0,8.0,126067.0
Comedy,Contemporary Fiction,PG-13,123.0,63.0,6.5,30732.0
Drama,Dramatization,R,120.0,46.0,7.1,23262.0
Thriller/Suspense,Contemporary Fiction,R,118.0,27.0,6.3,46961.0
Drama,Historical Fiction,R,152.0,92.0,7.9,70962.0
Comedy,Contemporary Fiction,R,83.0,,7.7,3612.0
Action,Contemporary Fiction,PG-13,110.0,82.0,7.7,122597.0
Action,Contemporary Fiction,PG-13,108.0,81.0,7.6,104614.0
Action,Contemporary Fiction,PG-13,114.0,93.0,8.2,146025.0
Comedy,Fantasy,PG,83.0,,5.6,4340.0
Drama,Contemporary Fiction,PG-13,106.0,51.0,5.5,10702.0
Drama,Historical Fiction,PG-13,94.0,,7.8,21683.0
Comedy,Contemporary Fiction,PG-13,124.0,52.0,6.2,20962.0
Black Comedy,Contemporary Fiction,R,120.0,71.0,6.8,31079.0
Thriller/Suspense,Contemporary Fiction,R,93.0,79.0,,
Drama,Historical Fiction,R,134.0,87.0,7.8,115951.0
Drama,Historical Fiction,R,99.0,,6.4,2797.0
Comedy,Contemporary Fiction,R,102.0,63.0,2.8,153.0
Romantic Comedy,Contemporary Fiction,PG-13,109.0,64.0,6.0,2745.0
Comedy,Contemporary Fiction,PG-13,106.0,,5.5,4848.0
Comedy,Contemporary Fiction,PG-13,103.0,82.0,6.2,11164.0
Comedy,Contemporary Fiction,PG-13,90.0,94.0,7.4,24484.0
Comedy,Contemporary Fiction,R,91.0,77.0,7.3,45022.0
Action,Historical Fiction,R,152.0,88.0,8.4,178742.0
Action,Contemporary Fiction,PG-13,95.0,35.0,5.9,23545.0
Thriller/Suspense,Science Fiction,R,113.0,33.0,7.8,102982.0
Comedy,Historical Fiction,PG-13,102.0,,,
Action,Super Hero,PG-13,130.0,11.0,3.5,81283.0
Comedy,Contemporary Fiction,R,107.0,75.0,6.8,15486.0
Drama,Dramatization,PG-13,131.0,60.0,,
Comedy,Contemporary Fiction,PG-13,96.0,79.0,6.4,33389.0
Comedy,Fantasy,PG-13,100.0,24.0,4.8,26834.0
Comedy,Kids Fiction,PG,90.0,23.0,,
Drama,Dramatization,R,108.0,67.0,6.7,5026.0
Comedy,Contemporary Fiction,PG-13,98.0,44.0,6.2,19470.0
Horror,Contemporary Fiction,R,101.0,16.0,4.3,7235.0
Drama,Contemporary Fiction,PG-13,144.0,89.0,7.5,102936.0
Drama,Dramatization,PG-13,141.0,96.0,5.7,224.0
Comedy,Fantasy,PG,82.0,,3.4,15318.0
Action,Super Hero,PG-13,104.0,10.0,3.2,34651.0
Adventure,Fantasy,PG,77.0,,,
Action,Contemporary Fiction,R,109.0,,5.2,24358.0
Adventure,Contemporary Fiction,PG,95.0,12.0,4.6,7082.0
Thriller/Suspense,Science Fiction,R,109.0,46.0,6.2,36961.0
Thriller/Suspense,Contemporary Fiction,PG-13,94.0,54.0,6.5,32534.0
Adventure,Fantasy,PG,94.0,53.0,6.4,14905.0
Comedy,Kids Fiction,PG,115.0,82.0,7.1,102437.0
Thriller/Suspense,Dramatization,PG-13,101.0,76.0,6.8,5959.0
Action,Contemporary Fiction,PG-13,106.0,,4.7,43942.0
Adventure,Contemporary Fiction,PG-13,98.0,67.0,5.5,60791.0
Musical,Historical Fiction,PG-13,113.0,88.0,7.2,82650.0
Adventure,Kids Fiction,G,80.0,36.0,5.8,17415.0
Adventure,Kids Fiction,G,84.0,96.0,7.3,48307.0
Comedy,Contemporary Fiction,PG,98.0,24.0,5.6,24283.0
Comedy,Contemporary Fiction,PG,94.0,7.0,5.2,11858.0
Horror,Fantasy,R,89.0,43.0,5.3,13735.0
Thriller/Suspense,Science Fiction,R,114.0,93.0,8.1,158125.0
Drama,Historical Fiction,R,139.0,27.0,6.2,8580.0
Drama,Historical Fiction,PG-13,122.0,62.0,7.3,56176.0
Drama,Fantasy,G,98.0,78.0,6.7,8028.0
Drama,Dramatization,PG-13,144.0,80.0,8.0,63111.0
Romantic Comedy,Contemporary Fiction,PG,95.0,10.0,5.4,14904.0
Drama,Fantasy,PG-13,117.0,59.0,6.4,40053.0
Drama,Contemporary Fiction,PG-13,112.0,61.0,6.4,14244.0
Comedy,Kids Fiction,G,104.0,,5.5,9061.0
Drama,Historical Fiction,R,152.0,70.0,7.3,51083.0
Comedy,Contemporary Fiction,PG-13,91.0,4.0,4.0,5277.0
Drama,Contemporary Fiction,R,104.0,68.0,2.9,212.0
Romantic Comedy,Contemporary Fiction,PG-13,105.0,39.0,4.6,30370.0
Action,Contemporary Fiction,R,122.0,46.0,6.7,78705.0
Drama,Contemporary Fiction,PG-13,136.0,65.0,7.1,23526.0
Comedy,Kids Fiction,PG,100.0,,4.1,4063.0
Comedy,Kids Fiction,PG,102.0,38.0,5.1,9527.0
Action,Contemporary Fiction,R,120.0,86.0,7.8,105362.0
Comedy,Contemporary Fiction,R,94.0,5.0,4.3,6496.0
Action,Contemporary Fiction,R,115.0,57.0,6.6,76052.0
Thriller/Suspense,Contemporary Fiction,R,135.0,51.0,6.5,35719.0
Drama,Science Fiction,PG,150.0,67.0,7.3,73684.0
Drama,Dramatization,PG-13,104.0,,6.8,5017.0
Comedy,Contemporary Fiction,PG-13,86.0,5.0,4.2,6739.0
Adventure,Kids Fiction,PG,100.0,89.0,7.8,38464.0
Comedy,Contemporary Fiction,PG,89.0,13.0,4.3,9976.0
Thriller/Suspense,Contemporary Fiction,PG-13,95.0,3.0,4.8,17736.0
Drama,Contemporary Fiction,R,105.0,71.0,6.9,35192.0
Comedy,Contemporary Fiction,PG-13,113.0,12.0,5.5,18332.0
Action,Contemporary Fiction,R,88.0,61.0,7.1,71094.0
Horror,Contemporary Fiction,R,101.0,26.0,5.4,14834.0
Comedy,Contemporary Fiction,PG,90.0,,,
Action,Contemporary Fiction,R,110.0,48.0,5.8,9008.0
Action,Historical Fiction,R,113.0,,7.0,17975.0
Drama,Contemporary Fiction,R,107.0,75.0,6.1,20886.0
Drama,Contemporary Fiction,PG-13,93.0,14.0,6.6,4894.0
Drama,Historical Fiction,PG-13,131.0,74.0,7.6,40605.0
Drama,Contemporary Fiction,R,95.0,47.0,6.7,66861.0
Adventure,Science Fiction,PG,94.0,28.0,5.0,6392.0
Comedy,Contemporary Fiction,PG,91.0,53.0,5.2,16912.0
Drama,Contemporary Fiction,PG-13,114.0,40.0,6.6,430.0
Drama,Contemporary Fiction,PG-13,101.0,21.0,5.3,33808.0
Comedy,Kids Fiction,PG,90.0,86.0,7.2,19913.0
Comedy,Contemporary Fiction,PG,85.0,1.0,2.4,6809.0
Comedy,Contemporary Fiction,PG,92.0,28.0,5.5,14944.0
Thriller/Suspense,Historical Fiction,R,121.0,33.0,5.6,35210.0
Drama,Contemporary Fiction,PG-13,116.0,16.0,4.9,5565.0
Comedy,Contemporary Fiction,PG-13,83.0,17.0,3.4,5002.0
Action,Super Hero,PG-13,105.0,44.0,5.5,63574.0
Horror,Science Fiction,R,100.0,76.0,7.4,73875.0
Drama,Dramatization,PG-13,130.0,79.0,7.6,14530.0
Action,Contemporary Fiction,R,105.0,25.0,6.0,28887.0
,,R,149.0,,7.4,10383.0
Action,Contemporary Fiction,R,105.0,57.0,5.6,44191.0
Comedy,Contemporary Fiction,PG-13,91.0,26.0,5.1,6968.0
Comedy,Contemporary Fiction,PG-13,96.0,22.0,5.5,39756.0
Thriller/Suspense,Science Fiction,PG-13,126.0,,7.0,66106.0
Adventure,Kids Fiction,PG,88.0,12.0,4.4,1177.0
Comedy,,PG,95.0,80.0,7.7,10529.0
Comedy,Contemporary Fiction,R,88.0,23.0,5.6,25397.0
Horror,Fantasy,PG-13,86.0,8.0,4.6,12771.0
Drama,Fantasy,PG-13,104.0,7.0,5.8,14098.0
Action,Contemporary Fiction,PG-13,128.0,82.0,7.5,130559.0
Action,Science Fiction,R,85.0,,7.1,21427.0
Comedy,Contemporary Fiction,PG-13,88.0,2.0,1.7000000000000002,34928.0
Thriller/Suspense,Science Fiction,R,111.0,91.0,8.3,151742.0
Thriller/Suspense,Contemporary Fiction,R,83.0,30.0,5.2,9394.0
Black Comedy,Contemporary Fiction,R,93.0,15.0,5.6,7109.0
Adventure,Kids Fiction,PG,82.0,65.0,6.2,13962.0
Comedy,Contemporary Fiction,R,135.0,68.0,7.3,100476.0
Thriller/Suspense,Contemporary Fiction,PG-13,89.0,24.0,5.3,10778.0
Action,Dramatization,R,133.0,19.0,5.9,32560.0
Drama,Dramatization,R,121.0,87.0,7.7,65462.0
Adventure,Kids Fiction,G,77.0,,4.8,920.0
Adventure,Science Fiction,PG-13,120.0,47.0,6.0,54160.0
Drama,Contemporary Fiction,R,152.0,93.0,8.5,264148.0
Horror,Contemporary Fiction,R,99.0,15.0,4.8,14077.0
Action,Science Fiction,R,105.0,41.0,6.6,40611.0
Horror,Fantasy,PG-13,99.0,92.0,7.1,51343.0
Drama,Historical Fiction,PG-13,120.0,,,
Comedy,Kids Fiction,PG,87.0,,6.0,2993.0
Comedy,Kids Fiction,PG-13,85.0,,5.2,25648.0
,,PG-13,98.0,48.0,6.7,5380.0
Action,Contemporary Fiction,PG-13,117.0,13.0,4.2,18795.0
Drama,Science Fiction,R,136.0,30.0,5.3,34141.0
Musical,Historical Fiction,PG-13,130.0,78.0,6.6,28016.0
Comedy,Contemporary Fiction,PG-13,118.0,81.0,5.2,18165.0
Thriller/Suspense,Contemporary Fiction,R,99.0,,7.4,58176.0
Comedy,Kids Fiction,PG,80.0,2.0,3.0,10050.0
Thriller/Suspense,Contemporary Fiction,PG-13,104.0,68.0,7.0,72231.0
Action,Contemporary Fiction,PG-13,88.0,12.0,6.8,162.0
Comedy,Contemporary Fiction,R,90.0,61.0,5.1,6628.0
Comedy,Contemporary Fiction,PG-13,105.0,13.0,4.7,27016.0
Comedy,Contemporary Fiction,PG-13,85.0,10.0,3.3,14813.0
Drama,Contemporary Fiction,R,144.0,,,
Action,Fantasy,PG-13,90.0,,3.8,14081.0
Comedy,Fantasy,PG-13,87.0,19.0,5.0,9193.0
Romantic Comedy,Contemporary Fiction,PG-13,92.0,3.0,4.4,7095.0
Comedy,Contemporary Fiction,PG-13,122.0,62.0,6.0,21734.0
Thriller/Suspense,Contemporary Fiction,PG-13,117.0,27.0,6.6,52336.0
Thriller/Suspense,Contemporary Fiction,R,119.0,22.0,6.3,47753.0
Black Comedy,Contemporary Fiction,R,103.0,92.0,7.4,37454.0
Comedy,Kids Fiction,PG,95.0,84.0,6.8,42123.0
Drama,Dramatization,R,124.0,81.0,7.6,33773.0
Comedy,Fantasy,PG,96.0,49.0,6.3,12020.0
Action,Contemporary Fiction,R,102.0,68.0,6.2,54413.0
Documentary,Factual,G,80.0,,7.8,23674.0
Comedy,Contemporary Fiction,PG-13,103.0,20.0,5.4,17845.0
Adventure,Kids Fiction,G,78.0,85.0,7.4,23355.0
Romantic Comedy,Fantasy,PG,108.0,92.0,7.5,55697.0
Action,Fantasy,R,120.0,11.0,5.4,43513.0
Drama,Historical Fiction,R,131.0,53.0,7.4,59916.0
Action,Contemporary Fiction,R,127.0,70.0,7.2,66700.0
Thriller/Suspense,Contemporary Fiction,PG-13,112.0,38.0,6.1,40764.0
Thriller/Suspense,Contemporary Fiction,PG-13,115.0,21.0,6.5,92.0
Comedy,Contemporary Fiction,PG-13,86.0,2.0,2.2,48975.0
Adventure,Fantasy,PG,102.0,16.0,5.0,43555.0
Drama,Dramatization,R,133.0,83.0,7.2,54977.0
Drama,Contemporary Fiction,PG-13,133.0,28.0,6.4,31775.0
Drama,Contemporary Fiction,R,143.0,37.0,4.7,3019.0
Comedy,Fantasy,R,108.0,93.0,8.5,219986.0
Drama,Historical Fiction,R,109.0,80.0,7.0,4509.0
Horror,Science Fiction,R,95.0,21.0,6.3,44671.0
Drama,Historical Fiction,PG,122.0,,,
Musical,Dramatization,PG,134.0,61.0,6.1,16769.0
Comedy,Contemporary Fiction,PG-13,102.0,42.0,5.9,39590.0
Action,Contemporary Fiction,R,100.0,33.0,5.2,14528.0
Thriller/Suspense,Dramatization,PG-13,114.0,45.0,6.8,32425.0
Horror,Historical Fiction,R,114.0,,5.0,15901.0
Drama,Dramatization,PG,129.0,61.0,7.1,4749.0
Drama,Contemporary Fiction,R,159.0,78.0,7.2,93880.0
Horror,Contemporary Fiction,R,102.0,51.0,6.3,36139.0
Romantic Comedy,Contemporary Fiction,PG-13,129.0,68.0,6.5,25485.0
Comedy,Contemporary Fiction,PG-13,103.0,52.0,6.3,24434.0
Comedy,Contemporary Fiction,PG-13,98.0,,4.8,6654.0
Action,Contemporary Fiction,R,138.0,93.0,7.3,102001.0
Horror,Fantasy,R,90.0,47.0,6.4,35737.0
Action,Science Fiction,PG-13,105.0,72.0,7.4,131252.0
Comedy,Contemporary Fiction,PG-13,99.0,63.0,5.9,30309.0
Action,Super Hero,PG-13,123.0,27.0,5.7,71675.0
Drama,Dramatization,R,92.0,13.0,5.6,15023.0
Action,Contemporary Fiction,PG-13,107.0,36.0,5.1,44151.0
Action,Contemporary Fiction,PG-13,107.0,53.0,6.0,67939.0
Documentary,Factual,R,122.0,83.0,7.6,74424.0
Thriller/Suspense,Historical Fiction,R,123.0,57.0,6.8,53477.0
Horror,Fantasy,R,93.0,,6.9,11683.0
Drama,Contemporary Fiction,R,139.0,81.0,8.8,382470.0
Adventure,Science Fiction,PG-13,120.0,,6.4,36227.0
Drama,Contemporary Fiction,PG-13,137.0,74.0,7.2,35966.0
Horror,Fantasy,R,98.0,31.0,6.8,52618.0
Thriller/Suspense,Historical Fiction,,132.0,,7.2,4182.0
Drama,Contemporary Fiction,PG,94.0,54.0,5.7,2832.0
Comedy,Kids Fiction,PG,93.0,17.0,4.6,18890.0
Comedy,Kids Fiction,PG,85.0,72.0,7.0,21334.0
Drama,Dramatization,PG-13,139.0,33.0,6.5,13934.0
Adventure,Kids Fiction,G,89.0,17.0,4.7,1653.0
Comedy,Contemporary Fiction,PG-13,126.0,52.0,6.6,34090.0
Adventure,Kids Fiction,G,100.0,98.0,8.2,165006.0
Drama,Science Fiction,PG-13,96.0,51.0,7.4,72562.0
Action,Super Hero,PG,92.0,36.0,,
Thriller/Suspense,Contemporary Fiction,PG-13,93.0,38.0,6.2,45305.0
Action,Fantasy,PG-13,105.0,64.0,6.7,36548.0
Drama,Dramatization,PG-13,122.0,69.0,7.5,18065.0
Comedy,Contemporary Fiction,R,98.0,21.0,5.3,10176.0
Comedy,Contemporary Fiction,PG,97.0,88.0,6.5,29137.0
Drama,Science Fiction,PG-13,118.0,69.0,7.3,35968.0
Action,Science Fiction,PG-13,119.0,81.0,8.0,106648.0
Thriller/Suspense,Contemporary Fiction,PG-13,91.0,,4.9,1169.0
Comedy,Contemporary Fiction,R,85.0,25.0,5.3,6742.0
Drama,Dramatization,R,123.0,76.0,7.3,26243.0
Drama,Contemporary Fiction,PG-13,117.0,81.0,7.2,20868.0
Drama,Contemporary Fiction,PG,122.0,40.0,5.6,5498.0
Drama,Dramatization,R,122.0,92.0,7.9,36366.0
Drama,Dramatization,R,90.0,19.0,6.1,8680.0
Comedy,Contemporary Fiction,R,90.0,95.0,7.2,40877.0
Comedy,Contemporary Fiction,PG-13,90.0,29.0,6.3,1788.0
Drama,Dramatization,R,121.0,,,
Comedy,Contemporary Fiction,PG-13,86.0,50.0,6.2,7780.0
Thriller/Suspense,Contemporary Fiction,R,128.0,80.0,7.7,74136.0
Drama,Historical Fiction,R,168.0,75.0,7.4,113378.0
Comedy,Contemporary Fiction,PG,80.0,,4.8,19870.0
Drama,Contemporary Fiction,R,111.0,17.0,5.8,10902.0
Drama,Contemporary Fiction,R,114.0,,,
Comedy,Kids Fiction,PG,87.0,45.0,5.0,1961.0
Drama,Historical Fiction,R,104.0,32.0,6.1,13007.0
Romantic Comedy,Contemporary Fiction,R,93.0,29.0,6.0,4332.0
Drama,Dramatization,PG-13,126.0,41.0,6.8,12400.0
Horror,Contemporary Fiction,R,91.0,13.0,5.3,25891.0
Action,Super Hero,PG-13,110.0,26.0,5.2,63235.0
Romantic Comedy,Fantasy,PG-13,102.0,85.0,4.7,310.0
Drama,Contemporary Fiction,R,124.0,,5.5,23807.0
Action,Contemporary Fiction,PG-13,118.0,,5.8,47052.0
Drama,Dramatization,R,127.0,53.0,,
Action,Historical Fiction,R,150.0,77.0,8.3,279512.0
Romantic Comedy,Contemporary Fiction,R,96.0,5.0,5.6,29013.0
Drama,Fantasy,R,187.0,77.0,8.4,198916.0
Drama,Contemporary Fiction,R,116.0,22.0,6.1,23570.0
Black Comedy,Contemporary Fiction,R,103.0,92.0,,
Drama,Contemporary Fiction,PG,121.0,,6.9,16809.0
Action,Science Fiction,PG-13,139.0,25.0,4.8,59455.0
,,PG-13,118.0,,6.4,2940.0
Drama,Contemporary Fiction,R,126.0,97.0,8.1,150415.0
Comedy,Historical Fiction,R,137.0,86.0,7.3,36648.0
Comedy,Contemporary Fiction,PG,110.0,27.0,6.3,14984.0
Comedy,Science Fiction,PG,104.0,89.0,7.2,52507.0
Drama,Dramatization,PG-13,98.0,59.0,6.2,2084.0
Drama,Contemporary Fiction,R,109.0,86.0,7.9,92594.0
Comedy,Kids Fiction,PG,91.0,54.0,5.3,19685.0
Comedy,Kids Fiction,PG,104.0,53.0,5.7,40310.0
Horror,Fantasy,R,191.0,,7.9,82770.0
Adventure,Kids Fiction,G,85.0,95.0,7.9,38158.0
Black Comedy,Contemporary Fiction,R,106.0,,7.4,41523.0
Horror,Contemporary Fiction,PG-13,102.0,10.0,4.6,16024.0
Horror,Contemporary Fiction,PG-13,96.0,39.0,5.7,43218.0
Comedy,Contemporary Fiction,PG-13,102.0,9.0,5.8,13488.0
Comedy,Contemporary Fiction,PG-13,103.0,43.0,5.7,15789.0
Horror,Fantasy,R,105.0,,4.5,9284.0
Musical,Historical Fiction,PG,117.0,91.0,7.2,41511.0
Comedy,Contemporary Fiction,R,84.0,29.0,6.3,18791.0
Thriller/Suspense,Science Fiction,R,89.0,18.0,5.2,72259.0
Drama,Contemporary Fiction,R,120.0,48.0,7.0,26347.0
Comedy,Contemporary Fiction,PG-13,98.0,39.0,5.5,18964.0
Western,Historical Fiction,PG-13,136.0,46.0,6.6,23604.0
Thriller/Suspense,Contemporary Fiction,R,105.0,12.0,5.6,30891.0
Comedy,Fantasy,PG,80.0,,6.7,20461.0
Comedy,Contemporary Fiction,PG-13,95.0,30.0,5.1,8447.0
Drama,Contemporary Fiction,R,134.0,80.0,6.8,14494.0
Action,Contemporary Fiction,R,109.0,66.0,3.2,77.0
Action,Super Hero,PG-13,122.0,81.0,6.8,67763.0
Comedy,Contemporary Fiction,PG-13,119.0,22.0,5.7,10526.0
Action,Historical Fiction,PG-13,96.0,,,
Horror,Contemporary Fiction,PG-13,114.0,17.0,4.6,31808.0
Thriller/Suspense,Contemporary Fiction,PG-13,115.0,31.0,6.1,14428.0
Comedy,Contemporary Fiction,R,114.0,92.0,7.6,69740.0
Romantic Comedy,Contemporary Fiction,PG-13,113.0,69.0,5.7,89.0
Action,Contemporary Fiction,R,93.0,14.0,6.8,520.0
Horror,Fantasy,R,88.0,,5.0,17948.0
Comedy,Contemporary Fiction,R,109.0,36.0,6.7,25756.0
Horror,Contemporary Fiction,R,85.0,,,
Horror,Contemporary Fiction,R,89.0,,3.9,13181.0
Comedy,Kids Fiction,PG,94.0,54.0,5.4,4772.0
Thriller/Suspense,Historical Fiction,R,121.0,15.0,6.0,28690.0
Comedy,Contemporary Fiction,R,99.0,78.0,7.9,127634.0
Comedy,Contemporary Fiction,PG-13,95.0,12.0,4.3,6098.0
Drama,Contemporary Fiction,PG,117.0,77.0,7.1,19388.0
Romantic Comedy,Contemporary Fiction,PG-13,131.0,47.0,6.9,48215.0
Horror,Science Fiction,R,112.0,28.0,5.5,41499.0
Drama,Contemporary Fiction,PG-13,94.0,20.0,4.6,13026.0
Drama,Contemporary Fiction,PG-13,114.0,23.0,5.3,9168.0
Comedy,Contemporary Fiction,PG-13,83.0,40.0,6.5,22250.0
Drama,Historical Fiction,PG-13,115.0,80.0,7.6,44618.0
Comedy,Contemporary Fiction,PG-13,105.0,34.0,5.4,16242.0
Comedy,Contemporary Fiction,R,93.0,27.0,5.5,14470.0
Comedy,Contemporary Fiction,R,93.0,,,
Adventure,Fantasy,PG,161.0,82.0,7.2,120063.0
Adventure,Fantasy,PG,141.0,90.0,7.7,108928.0
Adventure,Fantasy,PG-13,157.0,88.0,7.6,111946.0
Adventure,Fantasy,PG-13,138.0,78.0,7.4,104074.0
Adventure,Fantasy,PG,153.0,83.0,7.3,73720.0
Adventure,Fantasy,PG,152.0,,7.2,132238.0
Adventure,Kids Fiction,PG,108.0,74.0,6.7,42369.0
Adventure,Historical Fiction,G,92.0,84.0,6.8,21902.0
Drama,Contemporary Fiction,PG-13,106.0,38.0,4.1,165.0
Action,Contemporary Fiction,R,96.0,26.0,5.6,14375.0
Drama,Contemporary Fiction,PG-13,168.0,71.0,6.3,15831.0
Comedy,Science Fiction,PG,103.0,60.0,6.6,61513.0
Comedy,Contemporary Fiction,R,121.0,91.0,8.0,129779.0
Action,Super Hero,PG-13,138.0,62.0,5.7,70844.0
Adventure,Super Hero,PG-13,112.0,66.0,7.1,82419.0
Adventure,Historical Fiction,G,86.0,73.0,6.5,19479.0
Action,Contemporary Fiction,R,94.0,31.0,5.8,18941.0
Comedy,Historical Fiction,PG-13,101.0,64.0,6.2,48935.0
Action,Contemporary Fiction,PG-13,116.0,30.0,5.2,16452.0
Adventure,Fantasy,PG,93.0,,7.1,33289.0
Adventure,Kids Fiction,PG,81.0,77.0,7.4,75552.0
Thriller/Suspense,Contemporary Fiction,R,90.0,62.0,7.3,57909.0
Comedy,Historical Fiction,PG-13,97.0,86.0,6.7,8078.0
Musical,Historical Fiction,R,121.0,47.0,5.8,3056.0
Comedy,Kids Fiction,PG,86.0,35.0,6.0,6614.0
Horror,Contemporary Fiction,R,101.0,8.0,4.1,23268.0
Horror,Contemporary Fiction,R,101.0,36.0,5.4,36807.0
Drama,Historical Fiction,PG-13,110.0,74.0,7.7,92040.0
Adventure,Fantasy,PG-13,122.0,64.0,7.1,33374.0
Comedy,Contemporary Fiction,PG,107.0,38.0,5.4,3092.0
Thriller/Suspense,Science Fiction,PG-13,147.0,87.0,9.1,188247.0
Drama,Dramatization,R,118.0,72.0,7.1,6917.0
Thriller/Suspense,Contemporary Fiction,R,108.0,,6.2,380.0
Adventure,Fantasy,PG,105.0,40.0,6.1,14157.0
Comedy,Contemporary Fiction,PG-13,92.0,71.0,6.1,18773.0
Comedy,Contemporary Fiction,PG-13,115.0,14.0,6.1,46347.0
Drama,Dramatization,R,157.0,96.0,8.0,68747.0
Thriller/Suspense,Contemporary Fiction,R,118.0,92.0,6.3,33.0
Comedy,Kids Fiction,PG,77.0,21.0,3.9,13881.0
Drama,Contemporary Fiction,R,123.0,27.0,6.2,15388.0
Thriller/Suspense,Science Fiction,PG-13,99.0,19.0,6.0,28605.0
Action,Science Fiction,PG-13,115.0,58.0,,
Action,Super Hero,PG-13,126.0,94.0,7.9,174040.0
Adventure,Kids Fiction,PG,86.0,97.0,7.9,38791.0
Action,Contemporary Fiction,PG-13,97.0,15.0,5.3,18061.0
Adventure,Contemporary Fiction,PG-13,111.0,73.0,6.9,76835.0
Romantic Comedy,Contemporary Fiction,R,94.0,19.0,5.5,8643.0
Comedy,Fantasy,PG,95.0,15.0,4.6,6932.0
Drama,Contemporary Fiction,R,154.0,85.0,7.6,84068.0
Thriller/Suspense,Contemporary Fiction,R,124.0,12.0,6.0,35540.0
Drama,Dramatization,R,115.0,61.0,7.2,60650.0
Action,Contemporary Fiction,PG-13,125.0,51.0,6.3,59406.0
Action,Contemporary Fiction,PG-13,133.0,59.0,6.0,67476.0
Action,Contemporary Fiction,PG-13,144.0,94.0,8.0,172936.0
Comedy,Contemporary Fiction,R,92.0,,6.3,27454.0
Adventure,Science Fiction,PG,92.0,,5.9,23756.0
Comedy,Contemporary Fiction,PG-13,91.0,11.0,5.4,18666.0
Horror,Contemporary Fiction,R,91.0,45.0,5.7,30610.0
Comedy,Contemporary Fiction,PG,87.0,33.0,5.8,29246.0
Horror,Fantasy,R,104.0,,5.3,15975.0
Western,Dramatization,R,160.0,75.0,7.7,57465.0
Comedy,Contemporary Fiction,PG-13,97.0,6.0,3.8,3278.0
Comedy,Contemporary Fiction,PG-13,102.0,40.0,6.2,27370.0
Adventure,Historical Fiction,G,72.0,19.0,5.2,2740.0
Comedy,Contemporary Fiction,PG,98.0,19.0,5.3,5313.0
Action,Historical Fiction,PG-13,81.0,13.0,4.3,2316.0
Drama,Contemporary Fiction,PG-13,116.0,22.0,6.6,32338.0
Adventure,Kids Fiction,G,82.0,,6.3,1704.0
Thriller/Suspense,Contemporary Fiction,R,97.0,,5.4,118.0
Romantic Comedy,Contemporary Fiction,R,138.0,84.0,7.2,78603.0
Comedy,Contemporary Fiction,R,104.0,53.0,6.8,62692.0
Comedy,Contemporary Fiction,PG-13,95.0,93.0,7.9,149855.0
Action,Science Fiction,PG-13,92.0,,7.9,151365.0
Romantic Comedy,Contemporary Fiction,PG-13,95.0,20.0,5.1,19508.0
Horror,Contemporary Fiction,R,97.0,41.0,5.8,39182.0
Action,Dramatization,PG-13,138.0,61.0,6.5,22288.0
Romantic Comedy,Fantasy,PG-13,118.0,,6.2,23600.0
Comedy,Kids Fiction,PG,89.0,,4.1,9994.0
Concert/Performance,Factual,R,116.0,86.0,6.2,3258.0
Action,Contemporary Fiction,R,98.0,51.0,6.3,22087.0
Adventure,Contemporary Fiction,PG,140.0,67.0,6.1,20039.0
Comedy,Contemporary Fiction,PG,90.0,,6.9,3841.0
Action,Contemporary Fiction,R,136.0,,8.0,182834.0
Action,Contemporary Fiction,R,111.0,85.0,8.2,231761.0
Comedy,Contemporary Fiction,PG,94.0,28.0,,
Thriller/Suspense,Contemporary Fiction,R,120.0,32.0,6.4,20932.0
Adventure,Fantasy,PG-13,187.0,83.0,7.6,132720.0
Romantic Comedy,Contemporary Fiction,R,132.0,90.0,7.5,111192.0
Action,Contemporary Fiction,PG-13,109.0,,6.6,13887.0
Action,Contemporary Fiction,R,110.0,51.0,7.1,47200.0
Comedy,Kids Fiction,PG-13,96.0,13.0,4.3,12747.0
Thriller/Suspense,Contemporary Fiction,PG-13,121.0,32.0,6.4,58138.0
Drama,Science Fiction,PG-13,121.0,40.0,7.3,50475.0
Comedy,Contemporary Fiction,PG,98.0,5.0,4.7,9126.0
Adventure,Historical Fiction,PG-13,132.0,58.0,6.6,47609.0
Drama,Contemporary Fiction,PG-13,122.0,66.0,7.8,26816.0
Drama,Historical Fiction,R,137.0,99.0,8.4,165161.0
Thriller/Suspense,Contemporary Fiction,R,108.0,25.0,7.2,45577.0
Action,Contemporary Fiction,PG-13,105.0,40.0,6.5,23369.0
Comedy,Contemporary Fiction,R,104.0,54.0,6.2,39242.0
Thriller/Suspense,Contemporary Fiction,PG-13,106.0,46.0,6.3,18547.0
Comedy,Fantasy,PG-13,101.0,26.0,5.3,16830.0
Thriller/Suspense,Contemporary Fiction,R,99.0,77.0,6.5,29222.0
Comedy,Contemporary Fiction,PG-13,106.0,81.0,7.5,32423.0
Drama,Contemporary Fiction,R,136.0,79.0,7.8,37162.0
Drama,Contemporary Fiction,PG-13,113.0,53.0,5.9,20355.0
Horror,Science Fiction,PG-13,100.0,69.0,7.1,153631.0
Drama,Contemporary Fiction,R,90.0,,,
Drama,Historical Fiction,R,141.0,91.0,8.1,56872.0
Drama,Dramatization,R,125.0,83.0,7.4,32172.0
Comedy,Contemporary Fiction,PG-13,87.0,82.0,6.7,67798.0
Comedy,Contemporary Fiction,R,118.0,53.0,7.2,57889.0
Comedy,Contemporary Fiction,R,108.0,50.0,5.3,99.0
Comedy,Kids Fiction,PG,99.0,56.0,4.4,4870.0
Adventure,Kids Fiction,PG,85.0,,7.1,25611.0
Comedy,Contemporary Fiction,PG,94.0,40.0,4.7,10199.0
Drama,Dramatization,R,121.0,87.0,7.8,54022.0
Comedy,Contemporary Fiction,R,101.0,91.0,8.0,151013.0
Comedy,Contemporary Fiction,PG-13,98.0,44.0,6.7,13550.0
Drama,Contemporary Fiction,R,90.0,27.0,6.2,22264.0
Romantic Comedy,Contemporary Fiction,PG-13,116.0,43.0,6.1,33866.0
Action,Contemporary Fiction,PG-13,97.0,48.0,,
Adventure,Science Fiction,PG-13,131.0,26.0,4.8,31611.0
Drama,Historical Fiction,PG-13,125.0,81.0,6.7,5835.0
Adventure,Fantasy,PG-13,179.0,,8.7,326950.0
Adventure,Fantasy,PG-13,201.0,,8.8,364077.0
Adventure,Fantasy,PG-13,178.0,,8.8,387438.0
Comedy,Contemporary Fiction,R,91.0,,6.7,4585.0
Action,Historical Fiction,PG-13,101.0,17.0,5.4,12250.0
Action,Historical Fiction,R,154.0,65.0,7.8,106002.0
Drama,Contemporary Fiction,PG,108.0,19.0,3.9,7210.0
Drama,Contemporary Fiction,R,102.0,94.0,7.9,130998.0
Action,Science Fiction,PG-13,134.0,,6.0,77124.0
Romantic Comedy,Contemporary Fiction,PG,90.0,7.0,5.1,15422.0
Action,Contemporary Fiction,R,127.0,54.0,6.4,47846.0
Drama,Contemporary Fiction,R,104.0,36.0,7.1,4719.0
Drama,Historical Fiction,PG-13,122.0,28.0,5.9,9870.0
Romantic Comedy,Contemporary Fiction,R,135.0,63.0,7.9,97921.0
Comedy,Kids Fiction,G,95.0,42.0,4.7,14178.0
Drama,Contemporary Fiction,PG-13,137.0,64.0,6.2,13612.0
Drama,Dramatization,R,117.0,13.0,5.6,163.0
Adventure,Fantasy,PG,140.0,76.0,,
Comedy,Contemporary Fiction,PG-13,113.0,31.0,6.2,39752.0
Adventure,Kids Fiction,PG,83.0,55.0,6.6,56480.0
Comedy,Contemporary Fiction,PG-13,83.0,,5.0,7706.0
Comedy,Contemporary Fiction,PG,91.0,35.0,5.3,23753.0
Action,Contemporary Fiction,R,110.0,11.0,5.7,14953.0
Thriller/Suspense,Contemporary Fiction,R,146.0,38.0,7.7,75256.0
Drama,Dramatization,R,118.0,62.0,7.4,49481.0
Action,Contemporary Fiction,PG-13,91.0,20.0,4.5,13157.0
Thriller/Suspense,Contemporary Fiction,R,74.0,76.0,6.9,25035.0
Action,Science Fiction,R,136.0,86.0,8.7,380934.0
Romantic Comedy,Contemporary Fiction,PG,95.0,75.0,6.6,46548.0
Comedy,Contemporary Fiction,R,103.0,15.0,5.8,14617.0
Horror,Contemporary Fiction,R,101.0,,5.7,18037.0
Action,Fantasy,PG-13,97.0,,5.6,5733.0
Drama,Contemporary Fiction,PG,107.0,,,
Thriller/Suspense,Historical Fiction,R,129.0,81.0,6.7,36553.0
Comedy,Contemporary Fiction,PG-13,103.0,44.0,5.7,16646.0
Adventure,Historical Fiction,PG-13,138.0,85.0,7.5,63632.0
Comedy,Fantasy,PG,91.0,73.0,6.7,13391.0
Drama,Contemporary Fiction,PG-13,132.0,91.0,8.2,141212.0
Comedy,Contemporary Fiction,PG-13,97.0,83.0,7.0,63607.0
Romantic Comedy,Contemporary Fiction,R,116.0,48.0,6.9,215.0
Drama,Historical Fiction,PG-13,145.0,36.0,7.1,38695.0
Adventure,Science Fiction,PG-13,98.0,91.0,7.0,119704.0
Drama,Dramatization,R,128.0,41.0,6.8,30630.0
Drama,Contemporary Fiction,R,113.0,,8.7,274524.0
Thriller/Suspense,Contemporary Fiction,R,112.0,17.0,5.8,21449.0
Drama,Contemporary Fiction,PG-13,132.0,31.0,5.6,13108.0
Drama,Fantasy,PG-13,154.0,50.0,6.9,56067.0
Drama,Contemporary Fiction,R,188.0,83.0,8.0,121540.0
Black Comedy,Contemporary Fiction,R,93.0,53.0,6.4,33763.0
Action,Science Fiction,PG-13,88.0,,7.4,467.0
Comedy,Contemporary Fiction,PG-13,115.0,,4.7,14297.0
Action,Contemporary Fiction,PG-13,124.0,,6.9,86222.0
Comedy,Contemporary Fiction,PG-13,110.0,41.0,6.1,42323.0
Western,Historical Fiction,R,137.0,59.0,7.4,19068.0
Adventure,Science Fiction,PG,114.0,52.0,5.4,9187.0
Drama,Historical Fiction,PG,153.0,41.0,6.8,24809.0
Comedy,Contemporary Fiction,PG-13,86.0,30.0,4.8,8159.0
Adventure,Science Fiction,PG,116.0,24.0,5.1,32449.0
Drama,Historical Fiction,R,129.0,29.0,5.7,14706.0
Drama,Contemporary Fiction,R,155.0,50.0,6.5,18960.0
Adventure,Historical Fiction,PG-13,132.0,31.0,7.2,561.0
Comedy,Contemporary Fiction,PG-13,95.0,16.0,5.1,16320.0
Drama,Historical Fiction,PG-13,117.0,35.0,6.1,23657.0
Drama,Contemporary Fiction,R,111.0,85.0,7.2,38023.0
Comedy,Dramatization,PG-13,120.0,,7.2,265.0
Drama,Dramatization,R,109.0,82.0,7.4,39908.0
Adventure,Kids Fiction,G,95.0,95.0,7.4,39908.0
Action,Contemporary Fiction,R,95.0,17.0,5.7,8640.0
Thriller/Suspense,Science Fiction,R,97.0,,8.0,55251.0
Thriller/Suspense,Science Fiction,PG-13,119.0,52.0,6.5,26948.0
Musical,Historical Fiction,PG-13,123.0,,7.3,2105.0
Drama,Historical Fiction,PG-13,107.0,84.0,7.1,2417.0
Comedy,Contemporary Fiction,PG-13,115.0,38.0,6.4,69613.0
Comedy,Contemporary Fiction,PG-13,108.0,84.0,7.0,84924.0
Drama,Dramatization,PG,92.0,,6.1,126.0
Action,Science Fiction,PG-13,145.0,91.0,7.7,135142.0
Action,Fantasy,PG-13,91.0,7.0,3.2,16672.0
Comedy,Kids Fiction,PG,95.0,,6.1,14934.0
Drama,Dramatization,PG,92.0,66.0,7.1,10236.0
Drama,Dramatization,R,100.0,78.0,6.7,13881.0
Action,Science Fiction,R,138.0,73.0,7.1,148874.0
Action,Science Fiction,R,129.0,37.0,6.5,123347.0
Adventure,Dramatization,G,88.0,86.0,7.2,34256.0
Adventure,Fantasy,PG-13,124.0,54.0,6.8,95658.0
Adventure,Fantasy,PG-13,129.0,47.0,6.2,68084.0
Adventure,Fantasy,PG-13,111.0,13.0,5.1,41570.0
Comedy,Kids Fiction,G,88.0,62.0,6.1,5945.0
Thriller/Suspense,Contemporary Fiction,R,120.0,31.0,5.9,22318.0
Comedy,Fantasy,PG,108.0,43.0,6.4,67133.0
Adventure,Historical Fiction,PG-13,104.0,10.0,4.4,7812.0
Romantic Comedy,Contemporary Fiction,PG-13,96.0,63.0,6.6,32307.0
Action,Contemporary Fiction,R,132.0,47.0,6.0,51921.0
Adventure,Fantasy,PG,95.0,72.0,6.8,26582.0
Action,Contemporary Fiction,R,124.0,55.0,5.9,37696.0
Comedy,Contemporary Fiction,PG-13,105.0,72.0,6.2,37287.0
Comedy,Contemporary Fiction,PG-13,83.0,19.0,,
Drama,Kids Fiction,PG,95.0,72.0,6.9,9029.0
Comedy,Science Fiction,PG,93.0,13.0,4.5,4918.0
Comedy,Contemporary Fiction,PG-13,102.0,50.0,6.3,6366.0
Drama,Contemporary Fiction,PG-13,108.0,48.0,7.4,13839.0
Comedy,Super Hero,PG,120.0,,,
Drama,Contemporary Fiction,R,137.0,87.0,8.0,119484.0
Adventure,Contemporary Fiction,PG,131.0,44.0,6.9,83989.0
Drama,Dramatization,PG,102.0,37.0,6.6,4701.0
Adventure,Contemporary Fiction,PG-13,109.0,21.0,5.7,22859.0
Adventure,Super Hero,PG,121.0,97.0,8.1,159123.0
Action,Contemporary Fiction,R,138.0,81.0,7.2,46511.0
Comedy,Contemporary Fiction,PG-13,88.0,7.0,5.4,14268.0
Comedy,Contemporary Fiction,PG-13,109.0,84.0,6.8,25695.0
Romantic Comedy,Contemporary Fiction,PG-13,123.0,82.0,6.9,66362.0
Comedy,Fantasy,PG-13,90.0,21.0,5.0,35082.0
Thriller/Suspense,Fantasy,R,133.0,,6.6,50510.0
Comedy,Fantasy,PG,104.0,,5.9,25631.0
Drama,Contemporary Fiction,PG-13,90.0,73.0,6.8,24021.0
Romantic Comedy,Contemporary Fiction,PG,103.0,40.0,6.3,16952.0
Drama,Contemporary Fiction,PG-13,123.0,52.0,8.0,95850.0
Comedy,Contemporary Fiction,PG,82.0,70.0,6.9,76557.0
Drama,Contemporary Fiction,PG-13,122.0,,7.5,9700.0
Romantic Comedy,Contemporary Fiction,PG-13,100.0,75.0,6.4,36323.0
Thriller/Suspense,Contemporary Fiction,PG-13,118.0,58.0,6.5,38227.0
Thriller/Suspense,Contemporary Fiction,R,118.0,59.0,,
Thriller/Suspense,Contemporary Fiction,R,95.0,8.0,6.2,59174.0
Black Comedy,Contemporary Fiction,R,110.0,84.0,6.4,20354.0
Adventure,Kids Fiction,G,83.0,,5.9,5379.0
Comedy,Contemporary Fiction,PG-13,107.0,,4.3,17075.0
Drama,Historical Fiction,PG,106.0,82.0,7.9,86828.0
Drama,Contemporary Fiction,R,147.0,82.0,8.2,99464.0
Romantic Comedy,Contemporary Fiction,R,112.0,50.0,5.9,8492.0
Comedy,Contemporary Fiction,PG-13,82.0,47.0,6.1,23742.0
Comedy,Contemporary Fiction,PG-13,116.0,81.0,7.6,139034.0
Adventure,Contemporary Fiction,PG-13,125.0,55.0,6.0,89861.0
Adventure,Contemporary Fiction,PG-13,122.0,70.0,6.9,76884.0
Drama,Contemporary Fiction,R,162.0,49.0,6.6,48477.0
Drama,Contemporary Fiction,R,96.0,81.0,7.0,42134.0
Drama,Contemporary Fiction,R,127.0,88.0,6.9,5591.0
Action,Contemporary Fiction,R,97.0,,4.7,887.0
Drama,Historical Fiction,PG,124.0,16.0,6.0,2993.0
Adventure,Kids Fiction,PG,87.0,47.0,6.0,52.0
Thriller/Suspense,Contemporary Fiction,R,79.0,,5.9,23667.0
Western,Historical Fiction,R,139.0,79.0,7.5,26438.0
Comedy,Contemporary Fiction,R,91.0,60.0,7.0,60477.0
Adventure,Science Fiction,R,115.0,,6.4,18299.0
Drama,Contemporary Fiction,R,129.0,93.0,7.1,38263.0
Thriller/Suspense,Contemporary Fiction,PG-13,105.0,65.0,4.9,151.0
Comedy,Contemporary Fiction,PG-13,92.0,24.0,4.9,6338.0
Comedy,Contemporary Fiction,PG,97.0,20.0,5.3,22590.0
Drama,Dramatization,R,127.0,50.0,7.1,87326.0
Comedy,Contemporary Fiction,PG-13,110.0,24.0,6.3,31481.0
Action,Contemporary Fiction,R,110.0,51.0,5.8,304.0
Thriller/Suspense,Science Fiction,PG-13,119.0,28.0,6.1,35660.0
Romantic Comedy,Contemporary Fiction,G,115.0,,5.3,12439.0
Comedy,Contemporary Fiction,G,115.0,46.0,5.9,23486.0
Action,Contemporary Fiction,R,123.0,45.0,5.8,21524.0
Adventure,Fantasy,PG,113.0,76.0,7.1,16894.0
Musical,Historical Fiction,PG-13,143.0,33.0,7.2,42832.0
Thriller/Suspense,Contemporary Fiction,R,81.0,71.0,7.2,68874.0
Drama,Dramatization,R,149.0,,8.5,134516.0
Adventure,Fantasy,PG-13,143.0,,8.0,232719.0
Adventure,Fantasy,PG-13,151.0,54.0,7.3,150446.0
Adventure,Fantasy,PG-13,167.0,45.0,7.0,133241.0
Adventure,Science Fiction,PG-13,119.0,29.0,6.4,49383.0
Horror,Science Fiction,R,110.0,55.0,7.0,55217.0
Thriller/Suspense,Contemporary Fiction,R,82.0,38.0,5.3,19382.0
Romantic Comedy,Contemporary Fiction,PG-13,106.0,20.0,4.4,6981.0
Action,Contemporary Fiction,R,135.0,39.0,6.1,23099.0
Adventure,Science Fiction,PG-13,120.0,44.0,5.5,72763.0
Drama,Contemporary Fiction,R,104.0,27.0,4.8,2072.0
Horror,Contemporary Fiction,R,85.0,82.0,6.7,53455.0
Action,Super Hero,R,124.0,30.0,6.4,50482.0
Adventure,Kids Fiction,G,99.0,,,
Adventure,Kids Fiction,G,99.0,56.0,6.7,28550.0
Romantic Comedy,Contemporary Fiction,PG-13,90.0,26.0,5.8,38276.0
Adventure,Kids Fiction,G,72.0,46.0,,
Comedy,Fantasy,PG-13,105.0,21.0,5.5,20196.0
Comedy,Historical Fiction,R,134.0,,7.5,25415.0
Comedy,Dramatization,R,143.0,80.0,6.7,15340.0
Drama,Historical Fiction,R,109.0,,7.5,24504.0
Drama,Contemporary Fiction,R,129.0,34.0,6.7,24596.0
Drama,Historical Fiction,R,117.0,,,
Action,,R,109.0,63.0,6.9,22257.0
Drama,Historical Fiction,R,147.0,58.0,7.5,51704.0
Romantic Comedy,Contemporary Fiction,PG,111.0,,5.6,9547.0
Drama,Dramatization,PG-13,116.0,66.0,7.8,77939.0
Drama,Science Fiction,PG-13,80.0,,6.9,17454.0
Action,Dramatization,PG-13,183.0,26.0,5.4,96186.0
Thriller/Suspense,Contemporary Fiction,PG-13,97.0,8.0,,
Adventure,Dramatization,PG,97.0,79.0,6.8,24569.0
Horror,Contemporary Fiction,PG-13,85.0,8.0,5.1,4263.0
Thriller/Suspense,Contemporary Fiction,R,112.0,76.0,6.9,68737.0
Romantic Comedy,Contemporary Fiction,PG-13,107.0,43.0,5.4,397.0
Action,Fantasy,PG-13,103.0,,,
Thriller/Suspense,Historical Fiction,PG-13,131.0,75.0,8.4,207322.0
Action,Science Fiction,R,177.0,10.0,5.5,24045.0
Horror,Contemporary Fiction,R,100.0,35.0,4.5,19769.0
Drama,Historical Fiction,R,165.0,62.0,6.9,78302.0
Action,Super Hero,R,101.0,26.0,6.1,20865.0
Thriller/Suspense,Science Fiction,PG-13,111.0,23.0,6.0,26623.0
Drama,Historical Fiction,PG-13,125.0,74.0,7.6,26331.0
Drama,Contemporary Fiction,PG-13,123.0,40.0,6.8,36762.0
Horror,Fantasy,R,101.0,17.0,4.7,20268.0
Drama,Dramatization,PG-13,103.0,97.0,7.6,34785.0
Adventure,Kids Fiction,G,85.0,33.0,5.0,3053.0
Drama,Dramatization,PG,109.0,35.0,6.9,12070.0
Drama,Contemporary Fiction,PG-13,135.0,84.0,6.9,20514.0
Drama,Contemporary Fiction,R,133.0,15.0,4.8,11100.0
Adventure,Kids Fiction,G,79.0,,,
Adventure,Kids Fiction,PG,84.0,40.0,5.0,1847.0
Comedy,Fantasy,G,111.0,96.0,8.1,131929.0
Drama,Dramatization,PG-13,152.0,81.0,,
Action,Historical Fiction,PG-13,140.0,43.0,6.9,34501.0
Adventure,Kids Fiction,PG,89.0,64.0,6.4,27361.0
Romantic Comedy,Contemporary Fiction,PG,116.0,45.0,5.2,28497.0
Comedy,Kids Fiction,PG,110.0,35.0,5.2,5086.0
Drama,Contemporary Fiction,PG,102.0,76.0,7.4,63717.0
Adventure,Kids Fiction,PG,90.0,49.0,6.4,8876.0
Thriller/Suspense,Contemporary Fiction,R,125.0,68.0,7.3,66386.0
Drama,Contemporary Fiction,R,123.0,61.0,7.7,46984.0
Horror,Fantasy,R,100.0,8.0,5.6,19881.0
Comedy,Kids Fiction,G,83.0,62.0,6.2,2176.0
Drama,Dramatization,R,90.0,44.0,6.1,5759.0
Thriller/Suspense,Contemporary Fiction,PG-13,85.0,,6.5,42489.0
Drama,Historical Fiction,R,128.0,63.0,7.7,39234.0
Horror,Science Fiction,R,110.0,32.0,5.4,10249.0
Documentary,Factual,R,101.0,69.0,7.8,23094.0
Comedy,Contemporary Fiction,PG-13,118.0,39.0,6.2,21542.0
Action,Contemporary Fiction,R,86.0,39.0,5.9,13905.0
Horror,Science Fiction,R,94.0,,5.8,52753.0
Action,Science Fiction,R,95.0,22.0,6.2,49502.0
Horror,Science Fiction,R,100.0,34.0,6.4,68342.0
Romantic Comedy,Contemporary Fiction,PG,116.0,61.0,6.6,9565.0
Action,Fantasy,PG-13,102.0,40.0,5.9,38414.0
Action,Contemporary Fiction,R,104.0,,5.5,16822.0
Drama,Contemporary Fiction,R,111.0,86.0,6.9,20451.0
Adventure,Kids Fiction,G,79.0,57.0,5.4,4857.0
Drama,Dramatization,PG-13,131.0,48.0,6.2,11895.0
Horror,Contemporary Fiction,PG-13,111.0,20.0,5.1,28408.0
Comedy,Kids Fiction,PG,91.0,42.0,4.1,10320.0
Comedy,Contemporary Fiction,R,81.0,35.0,5.8,15684.0
Drama,Contemporary Fiction,R,120.0,64.0,7.3,45439.0
Thriller/Suspense,Contemporary Fiction,R,121.0,46.0,6.9,23223.0
Comedy,Contemporary Fiction,PG-13,102.0,40.0,6.3,11859.0
Drama,Contemporary Fiction,G,128.0,82.0,5.5,8453.0
Action,Contemporary Fiction,R,114.0,33.0,5.9,25309.0
Action,Contemporary Fiction,R,121.0,68.0,7.2,57484.0
Comedy,Contemporary Fiction,PG-13,112.0,43.0,6.4,40087.0
Action,Historical Fiction,PG-13,125.0,,7.5,37764.0
Drama,Contemporary Fiction,PG,113.0,72.0,7.5,49844.0
Thriller/Suspense,Contemporary Fiction,R,100.0,20.0,6.0,34641.0
Comedy,Contemporary Fiction,R,94.0,59.0,6.4,44702.0
Thriller/Suspense,Contemporary Fiction,R,127.0,37.0,6.2,18462.0
Action,Contemporary Fiction,PG-13,104.0,,6.6,30855.0
Comedy,Dramatization,R,116.0,30.0,6.0,12926.0
Action,Contemporary Fiction,PG-13,90.0,51.0,6.4,52049.0
Action,Contemporary Fiction,PG-13,91.0,19.0,6.0,39312.0
Action,Contemporary Fiction,PG-13,98.0,60.0,6.8,55248.0
Black Comedy,Contemporary Fiction,R,89.0,87.0,7.8,53192.0
Adventure,Contemporary Fiction,PG-13,123.0,39.0,5.9,30739.0
Action,Contemporary Fiction,PG-13,116.0,30.0,5.9,27413.0
Drama,Contemporary Fiction,PG-13,132.0,34.0,7.4,36448.0
Horror,Contemporary Fiction,R,100.0,48.0,7.7,112785.0
Horror,Contemporary Fiction,R,91.0,36.0,6.8,76530.0
Horror,Contemporary Fiction,R,107.0,25.0,6.3,60784.0
Horror,Contemporary Fiction,R,91.0,42.0,6.2,18091.0
Drama,Historical Fiction,PG-13,141.0,77.0,7.4,31033.0
Comedy,Contemporary Fiction,R,82.0,14.0,4.7,43941.0
Comedy,Contemporary Fiction,PG-13,84.0,37.0,5.4,42829.0
Comedy,Kids Fiction,PG,93.0,,4.8,10749.0
Comedy,Kids Fiction,PG,86.0,28.0,4.7,26018.0
Drama,Contemporary Fiction,R,125.0,85.0,7.3,53760.0
Comedy,Contemporary Fiction,PG-13,108.0,,7.2,63188.0
Comedy,Contemporary Fiction,PG-13,101.0,26.0,6.0,15536.0
Thriller/Suspense,Contemporary Fiction,R,124.0,74.0,6.8,42616.0
Horror,Contemporary Fiction,R,110.0,81.0,2.9,217.0
Horror,Contemporary Fiction,R,120.0,80.0,5.9,48196.0
Horror,Contemporary Fiction,R,118.0,38.0,5.3,38230.0
Action,Fantasy,PG-13,91.0,40.0,5.3,30359.0
Adventure,Fantasy,PG-13,128.0,76.0,7.9,87883.0
Drama,Dramatization,PG,127.0,63.0,6.3,7996.0
Western,Historical Fiction,R,110.0,13.0,5.5,1823.0
Drama,Contemporary Fiction,PG-13,95.0,16.0,2.6,17830.0
Drama,Dramatization,PG-13,139.0,59.0,6.7,29020.0
Action,Contemporary Fiction,R,99.0,25.0,6.3,57952.0
Romantic Comedy,Contemporary Fiction,PG-13,128.0,70.0,6.8,36303.0
Action,Contemporary Fiction,R,99.0,68.0,5.9,32881.0
Comedy,Contemporary Fiction,R,88.0,53.0,6.0,68541.0
Romantic Comedy,Contemporary Fiction,PG-13,91.0,38.0,5.4,28498.0
Romantic Comedy,Contemporary Fiction,PG-13,113.0,50.0,6.0,35878.0
Romantic Comedy,Historical Fiction,R,122.0,93.0,7.4,77911.0
Documentary,Factual,PG,100.0,94.0,8.0,2974.0
Thriller/Suspense,Contemporary Fiction,R,125.0,48.0,7.2,149.0
Adventure,Kids Fiction,PG,90.0,89.0,8.0,163855.0
Adventure,Kids Fiction,PG,92.0,89.0,7.5,95658.0
Adventure,Kids Fiction,PG,92.0,41.0,6.1,59778.0
Adventure,Kids Fiction,PG,93.0,,6.7,12193.0
Adventure,Kids Fiction,PG,90.0,35.0,5.9,40019.0
Comedy,Contemporary Fiction,PG-13,95.0,24.0,5.3,22128.0
Action,Contemporary Fiction,R,116.0,44.0,,
Thriller/Suspense,Science Fiction,PG-13,106.0,74.0,6.9,111561.0
Drama,Contemporary Fiction,PG,110.0,44.0,6.7,11371.0
Comedy,Contemporary Fiction,PG-13,86.0,89.0,7.6,117656.0
Adventure,Kids Fiction,PG,86.0,,6.6,7895.0
Action,Fantasy,R,126.0,77.0,8.3,255814.0
Thriller/Suspense,Contemporary Fiction,PG-13,107.0,85.0,8.2,238745.0
Thriller/Suspense,Contemporary Fiction,PG-13,107.0,8.0,5.3,14903.0
Adventure,Super Hero,PG,102.0,73.0,6.6,20923.0
Horror,Historical Fiction,R,105.0,68.0,7.5,107511.0
Drama,Historical Fiction,PG-13,110.0,57.0,7.0,7077.0
Horror,Contemporary Fiction,R,131.0,39.0,6.4,74862.0
Thriller/Suspense,Contemporary Fiction,R,93.0,12.0,5.9,2318.0
Drama,Contemporary Fiction,R,116.0,94.0,8.3,176325.0
Comedy,Kids Fiction,PG-13,110.0,46.0,5.9,20571.0
Action,Contemporary Fiction,PG-13,112.0,,4.7,189.0
Comedy,Contemporary Fiction,R,108.0,28.0,6.6,57313.0
Romantic Comedy,Contemporary Fiction,PG-13,97.0,41.0,5.8,10073.0
Romantic Comedy,Contemporary Fiction,R,119.0,83.0,7.2,96443.0
Thriller/Suspense,Contemporary Fiction,R,99.0,41.0,5.8,29321.0
Thriller/Suspense,Contemporary Fiction,R,105.0,68.0,6.0,65841.0
Comedy,Kids Fiction,PG,108.0,71.0,6.9,51614.0
Adventure,Historical Fiction,PG-13,114.0,66.0,6.2,24893.0
Western,Historical Fiction,PG-13,110.0,78.0,6.6,32446.0
Comedy,Kids Fiction,PG,99.0,23.0,4.9,7561.0
Thriller/Suspense,Science Fiction,R,108.0,74.0,7.3,74535.0
Black Comedy,Contemporary Fiction,R,103.0,,8.2,173919.0
Comedy,Contemporary Fiction,PG,89.0,26.0,4.4,4611.0
Drama,Dramatization,PG-13,117.0,,6.7,14257.0
Adventure,Fantasy,PG,110.0,42.0,6.4,9108.0
Comedy,Contemporary Fiction,R,114.0,80.0,6.4,2636.0
Comedy,Contemporary Fiction,R,80.0,80.0,,
Comedy,Kids Fiction,PG,87.0,36.0,5.6,29293.0
Comedy,Contemporary Fiction,PG-13,103.0,52.0,6.7,30660.0
Action,Contemporary Fiction,PG-13,97.0,20.0,4.8,21366.0
Comedy,Contemporary Fiction,R,112.0,87.0,7.8,134212.0
Adventure,Kids Fiction,PG,90.0,,,
Adventure,Science Fiction,PG-13,130.0,79.0,6.3,29983.0
Action,Contemporary Fiction,PG-13,125.0,,3.4,30896.0
Horror,Science Fiction,PG-13,132.0,12.0,5.6,31461.0
Comedy,Contemporary Fiction,PG,92.0,,2.9,18010.0
Adventure,Super Hero,PG-13,127.0,93.0,7.7,141940.0
Adventure,Super Hero,PG-13,139.0,63.0,6.4,141513.0
Adventure,Super Hero,PG-13,121.0,89.0,7.4,167524.0
Comedy,Contemporary Fiction,PG-13,112.0,81.0,8.1,17461.0
Comedy,Kids Fiction,PG,97.0,24.0,4.9,3673.0
Adventure,Super Hero,PG-13,157.0,76.0,6.6,102751.0
Action,Contemporary Fiction,R,126.0,65.0,6.9,44850.0
Adventure,Kids Fiction,PG,100.0,75.0,,
Adventure,Kids Fiction,PG,84.0,,4.1,12352.0
Adventure,Kids Fiction,PG,88.0,93.0,5.7,23479.0
Romantic Comedy,Contemporary Fiction,PG-13,91.0,58.0,6.6,32014.0
Comedy,Contemporary Fiction,PG-13,82.0,33.0,6.0,103.0
Adventure,Kids Fiction,G,84.0,,6.6,8622.0
Adventure,Science Fiction,PG,142.0,,,
Adventure,Science Fiction,PG-13,140.0,,,
Action,Science Fiction,R,129.0,60.0,7.1,83516.0
Horror,Contemporary Fiction,PG-13,91.0,9.0,4.5,13658.0
Drama,Contemporary Fiction,R,124.0,49.0,5.1,3080.0
Comedy,Contemporary Fiction,PG-13,93.0,26.0,5.1,26712.0
Drama,Contemporary Fiction,PG-13,127.0,43.0,6.2,18505.0
Drama,Contemporary Fiction,PG-13,113.0,26.0,4.3,13737.0
Comedy,Contemporary Fiction,PG-13,112.0,72.0,7.8,74218.0
Comedy,Contemporary Fiction,PG-13,103.0,31.0,5.9,9556.0
Horror,Contemporary Fiction,R,103.0,22.0,6.0,29411.0
Thriller/Suspense,Contemporary Fiction,R,110.0,,7.1,26752.0
Comedy,Kids Fiction,PG,92.0,65.0,5.8,23226.0
Comedy,Kids Fiction,PG,78.0,83.0,5.6,7534.0
Drama,Dramatization,PG-13,130.0,47.0,6.2,55716.0
Romantic Comedy,Contemporary Fiction,R,74.0,28.0,5.6,10720.0
Thriller/Suspense,Contemporary Fiction,PG-13,127.0,84.0,7.3,34067.0
Adventure,Contemporary Fiction,PG-13,111.0,64.0,6.2,6557.0
Drama,Contemporary Fiction,PG-13,98.0,19.0,6.1,21691.0
Adventure,Science Fiction,PG-13,111.0,,7.6,45106.0
Adventure,Science Fiction,PG,100.0,,6.4,26559.0
Adventure,Science Fiction,PG-13,117.0,,6.4,28449.0
Thriller/Suspense,Contemporary Fiction,R,85.0,44.0,6.0,35078.0
Adventure,Science Fiction,PG,133.0,,,
Comedy,Contemporary Fiction,PG-13,118.0,60.0,5.9,23196.0
Action,Contemporary Fiction,PG-13,124.0,59.0,6.3,38586.0
Adventure,Kids Fiction,PG,86.0,77.0,7.0,20974.0
Action,Science Fiction,PG-13,104.0,39.0,6.3,36940.0
Drama,Historical Fiction,R,142.0,50.0,6.5,18431.0
Drama,Historical Fiction,R,169.0,91.0,8.5,270540.0
Action,Contemporary Fiction,PG-13,117.0,48.0,5.9,43260.0
Drama,Contemporary Fiction,R,125.0,97.0,7.8,69778.0
Romantic Comedy,Contemporary Fiction,PG-13,106.0,,7.6,2192.0
Thriller/Suspense,Fantasy,PG-13,96.0,46.0,6.5,53868.0
Drama,Contemporary Fiction,PG-13,86.0,15.0,4.6,9577.0
Drama,Contemporary Fiction,PG-13,120.0,16.0,6.0,20891.0
Comedy,Contemporary Fiction,PG-13,107.0,37.0,6.2,9309.0
Adventure,Science Fiction,PG,98.0,19.0,5.4,17513.0
Romantic Comedy,Contemporary Fiction,PG-13,101.0,37.0,4.7,48.0
Thriller/Suspense,Contemporary Fiction,R,126.0,72.0,7.1,53265.0
Drama,Historical Fiction,R,139.0,82.0,7.2,63319.0
Romantic Comedy,Contemporary Fiction,R,120.0,71.0,6.1,2019.0
Horror,Contemporary Fiction,R,90.0,,4.0,16122.0
Drama,Contemporary Fiction,PG-13,118.0,55.0,5.4,3351.0
Action,Science Fiction,PG-13,133.0,42.0,5.3,27375.0
Drama,Contemporary Fiction,R,111.0,67.0,6.7,37692.0
Drama,Dramatization,R,97.0,94.0,7.5,7560.0
Adventure,Kids Fiction,G,93.0,55.0,6.1,7460.0
Comedy,Contemporary Fiction,R,98.0,,7.3,58763.0
Drama,Dramatization,PG,116.0,67.0,6.7,5435.0
Action,Contemporary Fiction,R,121.0,34.0,6.4,34304.0
Comedy,Contemporary Fiction,R,89.0,28.0,5.5,36678.0
Drama,Fantasy,PG,95.0,85.0,7.4,34482.0
Action,Science Fiction,R,109.0,,6.6,107667.0
Action,Science Fiction,PG-13,116.0,,,
Action,Science Fiction,PG-13,140.0,57.0,7.3,197131.0
Action,Science Fiction,PG-13,149.0,20.0,6.0,95786.0
Comedy,Contemporary Fiction,R,89.0,26.0,,
Drama,Contemporary Fiction,R,119.0,19.0,4.5,229.0
Adventure,Kids Fiction,PG,85.0,,6.7,1104.0
Horror,Contemporary Fiction,PG-13,101.0,5.0,3.3,15760.0
Drama,Dramatization,R,166.0,78.0,7.5,60966.0
Drama,Dramatization,PG-13,145.0,82.0,7.3,23578.0
Comedy,Contemporary Fiction,PG,104.0,49.0,5.9,14927.0
Horror,Contemporary Fiction,R,96.0,25.0,5.2,22795.0
Action,Science Fiction,PG-13,87.0,13.0,5.6,24416.0
Action,Fantasy,R,103.0,33.0,6.3,36151.0
Action,Science Fiction,PG-13,99.0,22.0,5.0,19370.0
Adventure,Kids Fiction,G,77.0,61.0,6.0,2986.0
Adventure,Science Fiction,PG,95.0,51.0,6.4,22286.0
Thriller/Suspense,Historical Fiction,PG-13,194.0,82.0,7.4,240732.0
Adventure,Super Hero,PG-13,110.0,17.0,5.5,50710.0
Adventure,Science Fiction,PG-13,96.0,28.0,5.6,32465.0
Horror,Science Fiction,R,127.0,73.0,7.4,76830.0
Action,Science Fiction,PG,88.0,,6.6,26178.0
Action,Contemporary Fiction,PG-13,119.0,55.0,6.4,46650.0
Black Comedy,Contemporary Fiction,R,110.0,79.0,7.6,82349.0
Adventure,Contemporary Fiction,PG-13,117.0,,5.2,32832.0
Adventure,Contemporary Fiction,PG-13,101.0,,5.4,55582.0
Adventure,Science Fiction,PG-13,124.0,46.0,6.3,92241.0
Horror,Historical Fiction,PG-13,104.0,84.0,7.8,86091.0
Drama,Contemporary Fiction,R,123.0,84.0,8.7,493.0
Adventure,Kids Fiction,G,92.0,100.0,8.0,119357.0
Adventure,Kids Fiction,G,102.0,99.0,8.9,67380.0
Action,Contemporary Fiction,R,106.0,,6.5,33452.0
Adventure,Kids Fiction,PG,96.0,69.0,6.6,12099.0
Drama,Contemporary Fiction,R,147.0,91.0,7.8,85759.0
Drama,Contemporary Fiction,R,122.0,72.0,7.6,82057.0
Thriller/Suspense,Contemporary Fiction,PG-13,113.0,61.0,7.1,22468.0
Horror,Contemporary Fiction,PG-13,115.0,71.0,5.5,589.0
Drama,Dramatization,PG-13,128.0,60.0,7.1,79803.0
Action,Contemporary Fiction,PG-13,92.0,53.0,6.6,51005.0
Comedy,Contemporary Fiction,R,106.0,83.0,7.2,104839.0
Action,Historical Fiction,R,163.0,54.0,7.0,129575.0
Action,Contemporary Fiction,PG-13,124.0,48.0,5.5,52636.0
Drama,Contemporary Fiction,PG,102.0,95.0,8.0,156346.0
Adventure,Historical Fiction,G,88.0,88.0,6.9,26871.0
Thriller/Suspense,Contemporary Fiction,R,89.0,,6.9,83.0
Thriller/Suspense,Contemporary Fiction,R,97.0,2.0,4.8,83.0
Drama,Fantasy,PG-13,130.0,28.0,,
Drama,Fantasy,PG-13,124.0,51.0,,
Drama,Fantasy,PG-13,120.0,50.0,6.1,4840.0
Horror,Historical Fiction,R,90.0,,5.8,20196.0
Horror,Historical Fiction,R,98.0,36.0,6.1,39172.0
Action,Contemporary Fiction,R,82.0,,6.9,13929.0
Concert/Performance,Factual,G,85.0,,8.3,2090.0
Action,Historical Fiction,PG-13,116.0,68.0,6.4,32528.0
Comedy,Contemporary Fiction,PG-13,86.0,76.0,5.7,14237.0
Comedy,Contemporary Fiction,PG-13,92.0,,6.6,65329.0
Comedy,Contemporary Fiction,PG,87.0,,3.7,4133.0
Thriller/Suspense,Super Hero,PG-13,107.0,68.0,7.3,97324.0
Action,Contemporary Fiction,R,121.0,30.0,6.7,65690.0
Drama,Contemporary Fiction,R,123.0,48.0,6.6,23998.0
Adventure,Kids Fiction,PG,96.0,98.0,8.4,110491.0
Horror,Contemporary Fiction,R,100.0,21.0,5.2,19113.0
Horror,Contemporary Fiction,R,98.0,9.0,3.7,7609.0
Thriller/Suspense,Dramatization,PG-13,120.0,61.0,7.3,54343.0
Horror,Contemporary Fiction,R,96.0,9.0,4.3,11435.0
Drama,Historical Fiction,PG-13,126.0,43.0,6.4,21995.0
Drama,Dramatization,R,120.0,73.0,7.4,27529.0
Drama,Contemporary Fiction,R,95.0,89.0,,
Action,Historical Fiction,PG-13,132.0,22.0,5.5,68846.0
Thriller/Suspense,Contemporary Fiction,PG-13,108.0,42.0,6.6,88928.0
Action,Contemporary Fiction,PG-13,124.0,47.0,5.6,24294.0
Horror,Fantasy,R,108.0,33.0,6.8,54.0
Thriller/Suspense,Contemporary Fiction,R,136.0,39.0,6.9,87820.0
Comedy,Kids Fiction,PG,90.0,24.0,3.3,5491.0
Drama,Contemporary Fiction,R,104.0,39.0,6.0,18066.0
Drama,Contemporary Fiction,R,120.0,84.0,7.0,36092.0
Comedy,Contemporary Fiction,R,93.0,30.0,,
Comedy,Contemporary Fiction,PG,91.0,82.0,,
Comedy,Kids Fiction,G,97.0,96.0,8.5,182257.0
Action,Contemporary Fiction,R,99.0,,6.2,28771.0
Action,Dramatization,R,131.0,,,
Action,Science Fiction,PG-13,116.0,,7.2,12074.0
Drama,,R,100.0,95.0,8.2,1704.0
Comedy,Contemporary Fiction,R,111.0,81.0,7.5,31572.0
Comedy,Contemporary Fiction,PG-13,109.0,15.0,5.0,25970.0
Romantic Comedy,Contemporary Fiction,PG-13,103.0,16.0,4.8,18717.0
Drama,Dramatization,R,120.0,48.0,6.8,8778.0
Comedy,Contemporary Fiction,R,113.0,,,
Drama,Contemporary Fiction,R,117.0,56.0,7.0,38163.0
Drama,Dramatization,R,138.0,62.0,6.9,42580.0
Comedy,Contemporary Fiction,PG,105.0,34.0,5.7,12561.0
Drama,Contemporary Fiction,PG-13,120.0,34.0,6.4,13302.0
Comedy,Contemporary Fiction,PG-13,114.0,23.0,4.5,5700.0
Drama,Fantasy,PG-13,113.0,55.0,6.6,30486.0
Drama,Historical Fiction,PG-13,135.0,51.0,6.5,2855.0
Adventure,Fantasy,PG,100.0,73.0,7.2,30669.0
Thriller/Suspense,Contemporary Fiction,R,108.0,64.0,6.6,40110.0
Action,Historical Fiction,R,134.0,32.0,5.8,26421.0
Thriller/Suspense,Contemporary Fiction,PG-13,130.0,45.0,6.5,45633.0
Drama,Dramatization,PG-13,80.0,82.0,7.9,85235.0
Drama,Contemporary Fiction,PG,102.0,28.0,7.1,38045.0
Adventure,Historical Fiction,PG-13,107.0,21.0,4.3,54183.0
Drama,Contemporary Fiction,PG-13,101.0,9.0,,
Action,Science Fiction,R,110.0,71.0,6.4,1089.0
Comedy,Contemporary Fiction,PG-13,114.0,13.0,7.9,5519.0
Comedy,Contemporary Fiction,R,106.0,61.0,6.1,3224.0
Comedy,Contemporary Fiction,PG-13,95.0,15.0,5.7,17207.0
Comedy,Contemporary Fiction,PG-13,98.0,10.0,5.0,6727.0
Drama,Contemporary Fiction,R,109.0,98.0,8.2,93301.0
Action,Contemporary Fiction,PG-13,87.0,25.0,6.0,20517.0
Thriller/Suspense,Contemporary Fiction,R,97.0,10.0,3.7,959.0
Adventure,Science Fiction,PG,106.0,72.0,6.3,40281.0
Comedy,Contemporary Fiction,PG-13,86.0,32.0,5.7,43251.0
Romantic Comedy,Contemporary Fiction,PG-13,127.0,53.0,6.3,54525.0
Action,Science Fiction,PG-13,104.0,,5.9,35433.0
Action,Science Fiction,PG-13,120.0,,,
Action,Super Hero,PG-13,104.0,82.0,7.4,120706.0
Action,Super Hero,PG-13,133.0,,7.8,112320.0
,,,79.0,,6.2,260.0
Action,Contemporary Fiction,,103.0,40.0,7.1,42427.0
Comedy,Contemporary Fiction,PG-13,116.0,,,
Comedy,Historical Fiction,PG-13,97.0,14.0,5.0,23091.0
Comedy,Contemporary Fiction,PG-13,104.0,43.0,7.0,62150.0
Black Comedy,Contemporary Fiction,R,92.0,78.0,6.7,9498.0
Comedy,Contemporary Fiction,PG,90.0,,7.6,259.0
Drama,Contemporary Fiction,PG,119.0,68.0,6.2,52587.0
Adventure,Fantasy,PG,113.0,75.0,,
Comedy,Contemporary Fiction,PG-13,89.0,62.0,6.4,69296.0
Comedy,Fantasy,R,87.0,89.0,7.8,81629.0
Comedy,Contemporary Fiction,R,101.0,65.0,7.0,55687.0
Thriller/Suspense,Dramatization,R,157.0,89.0,,
Adventure,Historical Fiction,PG,129.0,26.0,5.7,21161.0
Adventure,Historical Fiction,PG-13,136.0,82.0,6.7,4789.0
