Major Genre,MPAA Rating,Running Time min,IMDB Rating,IMDB Votes
Action,R,108.0,5.8,33584.0
Comedy,PG-13,95.0,5.8,51109.0
Action,PG-13,106.0,5.2,15817.0
Adventure,,108.0,5.9,45773.0
Drama,R,111.0,6.1,9908.0
Drama,R,115.0,6.6,19682.0
Drama,PG-13,108.0,5.6,23472.0
Action,PG-13,115.0,5.4,20052.0
Adventure,PG-13,108.0,6.2,26309.0
Action,R,101.0,5.3,23262.0
Action,R,115.0,5.9,37287.0
Horror,R,107.0,7.1,80234.0
Drama,PG-13,90.0,,
Action,R,98.0,4.9,4215.0
Musical,G,75.0,,
Comedy,PG,90.0,5.6,14682.0
Action,R,109.0,6.6,19735.0
Action,R,92.0,4.9,7230.0
Drama,G,222.0,8.2,78947.0
Comedy,PG-13,92.0,6.9,54111.0
Adventure,PG,101.0,5.8,2963.0
Adventure,PG-13,145.0,6.5,149493.0
Adventure,PG-13,95.0,4.1,13770.0
Adventure,PG-13,138.0,6.9,82601.0
Drama,PG-13,113.0,5.3,17267.0
Comedy,PG,89.0,4.9,22928.0
Comedy,R,113.0,6.7,28404.0
,,100.0,,
Action,R,120.0,6.6,28257.0
Action,R,100.0,,
Action,R,137.0,7.5,84.0
Comedy,PG-13,110.0,6.3,76396.0
Drama,,87.0,5.7,9307.0
Action,PG-13,110.0,6.9,86222.0
Comedy,PG-13,117.0,5.7,11935.0
Drama,R,160.0,7.3,54484.0
Comedy,PG-13,95.0,5.6,32234.0
Drama,PG,124.0,6.3,26823.0
Action,PG,100.0,4.8,9477.0
Adventure,G,94.0,5.3,1734.0
Action,R,121.0,6.6,38524.0
Action,R,100.0,,
Drama,PG-13,120.0,6.5,78.0
Action,R,136.0,7.2,108324.0
Comedy,PG,93.0,5.2,9693.0
Drama,PG-13,105.0,7.6,22439.0
Drama,R,120.0,6.3,4570.0
Horror,R,93.0,5.3,7888.0
Drama,R,133.0,8.0,41785.0
Drama,R,105.0,7.3,51874.0
Drama,R,99.0,7.0,741.0
Comedy,R,115.0,3.9,18012.0
Drama,PG-13,90.0,7.0,7581.0
Comedy,PG-13,81.0,4.7,12682.0
Drama,R,94.0,8.2,150483.0
Drama,R,150.0,7.1,38577.0
Drama,PG,110.0,6.7,25916.0
Action,PG-13,117.0,6.0,61665.0
Drama,PG-13,100.0,5.6,365.0
Musical,G,103.0,8.3,102795.0
Drama,R,117.0,5.9,8038.0
Drama,R,101.0,5.7,4837.0
Comedy,G,100.0,4.4,7147.0
Action,PG-13,108.0,5.4,8914.0
Comedy,PG-13,98.0,6.1,32634.0
Horror,R,91.0,5.1,23243.0
Horror,PG-13,102.0,6.9,72913.0
Action,PG-13,158.0,6.2,396.0
Comedy,PG-13,103.0,5.8,17937.0
Horror,R,113.0,7.6,103525.0
Horror,R,91.0,7.1,69558.0
Drama,R,123.0,,
Drama,PG,111.0,7.5,19040.0
Action,R,117.0,7.8,235508.0
Action,R,115.0,7.3,68726.0
Comedy,R,111.0,7.5,94557.0
Drama,R,109.0,6.8,38311.0
Action,PG-13,123.0,5.8,32606.0
Drama,R,110.0,6.7,55877.0
Comedy,R,99.0,6.6,42928.0
Adventure,G,96.0,7.3,56866.0
Action,PG-13,88.0,8.1,1193.0
Action,PG-13,97.0,6.2,19793.0
Drama,PG-13,118.0,6.8,23149.0
Drama,R,141.0,7.3,10054.0
Comedy,PG,97.0,4.6,4698.0
Action,R,124.0,6.3,61394.0
Drama,PG-13,128.0,6.0,11994.0
Comedy,R,95.0,5.3,4366.0
Comedy,PG-13,109.0,5.8,29891.0
Comedy,PG,93.0,4.0,4801.0
Drama,R,159.0,6.6,31785.0
Action,R,108.0,6.2,66141.0
Comedy,R,123.0,8.0,94424.0
Comedy,PG,78.0,5.5,43164.0
Comedy,PG-13,101.0,6.6,92494.0
Horror,R,96.0,2.3,26028.0
Adventure,,135.0,5.9,4944.0
Comedy,PG,92.0,5.5,19200.0
Adventure,R,175.0,5.4,59498.0
Drama,R,118.0,8.6,292562.0
Comedy,PG-13,84.0,4.5,6000.0
Comedy,R,122.0,8.5,181085.0
Drama,R,157.0,7.9,114060.0
Drama,R,152.0,7.1,28477.0
Comedy,R,105.0,6.2,66751.0
Comedy,R,96.0,6.1,52210.0
Comedy,R,95.0,6.9,106624.0
Horror,R,89.0,5.8,26303.0
Horror,PG-13,97.0,4.3,9565.0
Horror,PG-13,89.0,4.2,29430.0
Musical,G,94.0,6.6,16513.0
Comedy,PG-13,104.0,7.0,78249.0
Drama,R,103.0,5.5,11089.0
Comedy,PG-13,106.0,6.1,57088.0
Comedy,PG-13,81.0,5.7,23259.0
Comedy,PG-13,83.0,4.6,18601.0
Drama,PG-13,147.0,6.5,14881.0
Comedy,R,96.0,5.6,24090.0
Comedy,R,103.0,6.6,52894.0
Adventure,PG,83.0,6.8,37343.0
Drama,PG-13,114.0,5.9,8514.0
Adventure,R,136.0,7.9,82162.0
Drama,PG-13,148.0,7.1,7757.0
Adventure,PG-13,150.0,6.1,194.0
Adventure,PG-13,126.0,6.2,53106.0
Adventure,PG,122.0,5.9,7626.0
Drama,PG-13,146.0,6.9,91901.0
Adventure,PG,94.0,6.4,5265.0
Drama,PG,109.0,6.4,10506.0
Drama,R,121.0,7.6,29095.0
Action,PG-13,119.0,7.2,29886.0
Drama,PG-13,128.0,5.6,6872.0
Adventure,PG,96.0,6.4,15552.0
Drama,PG-13,101.0,6.8,16336.0
Drama,PG-13,106.0,4.8,9309.0
Drama,R,130.0,7.9,75491.0
Drama,PG,113.0,7.5,28650.0
Musical,PG-13,133.0,7.5,45611.0
Comedy,PG-13,95.0,6.6,81005.0
Comedy,PG-13,94.0,6.2,69140.0
Comedy,PG-13,89.0,7.1,74487.0
Action,PG-13,91.0,3.4,21432.0
Drama,PG-13,170.0,7.6,85740.0
Horror,PG-13,101.0,5.4,63019.0
Adventure,PG,120.0,5.6,21516.0
Comedy,R,98.0,7.3,14929.0
Adventure,G,75.0,6.1,9918.0
Action,PG-13,100.0,5.3,27189.0
Comedy,PG,94.0,2.2,9038.0
Action,R,147.0,6.2,58002.0
Action,PG-13,117.0,5.3,17901.0
Action,R,98.0,5.4,20931.0
Comedy,R,98.0,5.5,7435.0
Action,PG-13,140.0,8.3,270641.0
Action,PG-13,121.0,2.3,39316.0
Action,PG-13,152.0,8.9,465000.0
Drama,R,130.0,6.1,4485.0
Drama,PG-13,167.0,8.0,137120.0
Comedy,PG-13,99.0,6.1,16128.0
Comedy,PG-13,115.0,5.6,32082.0
Comedy,PG-13,95.0,4.7,48.0
Comedy,PG-13,93.0,5.9,30946.0
Action,R,143.0,8.0,118925.0
Comedy,G,88.0,6.0,28950.0
Comedy,PG-13,80.0,6.6,22918.0
Drama,PG-13,112.0,6.9,41052.0
Drama,R,130.0,7.5,20888.0
Comedy,PG,90.0,6.3,30575.0
Action,PG-13,106.0,6.1,32575.0
Drama,R,172.0,5.3,102.0
Adventure,,103.0,4.4,16600.0
Adventure,PG-13,115.0,6.6,62513.0
Comedy,PG,88.0,5.2,9877.0
Drama,PG-13,125.0,8.1,141099.0
Action,R,91.0,5.8,14157.0
Comedy,R,127.0,8.2,177960.0
Comedy,PG-13,98.0,4.7,21318.0
Action,R,144.0,7.7,98653.0
Drama,PG-13,110.0,7.7,38403.0
Drama,PG,132.0,6.4,28827.0
Action,R,121.0,7.0,64896.0
Horror,R,87.0,6.2,87629.0
Comedy,PG-13,111.0,6.4,23243.0
Action,R,117.0,5.5,90.0
Action,R,113.0,5.7,42477.0
Comedy,PG-13,94.0,6.5,51929.0
Horror,R,90.0,4.3,10424.0
Drama,R,115.0,7.1,28145.0
Comedy,PG,95.0,,
Comedy,PG-13,97.0,6.2,44128.0
Drama,R,123.0,7.4,70218.0
Drama,PG-13,105.0,5.5,11699.0
Drama,PG-13,135.0,8.0,126067.0
Comedy,PG-13,123.0,6.5,30732.0
Drama,R,120.0,7.1,23262.0
Drama,R,152.0,7.9,70962.0
Comedy,R,83.0,7.7,3612.0
Action,PG-13,110.0,7.7,122597.0
Action,PG-13,108.0,7.6,104614.0
Action,PG-13,114.0,8.2,146025.0
Comedy,PG,83.0,5.6,4340.0
Drama,PG-13,106.0,5.5,10702.0
Drama,PG-13,94.0,7.8,21683.0
Comedy,PG-13,124.0,6.2,20962.0
Drama,R,134.0,7.8,115951.0
Drama,R,99.0,6.4,2797.0
Comedy,R,102.0,2.8,153.0
Comedy,PG-13,106.0,5.5,4848.0
Comedy,PG-13,103.0,6.2,11164.0
Comedy,PG-13,90.0,7.4,24484.0
Comedy,R,91.0,7.3,45022.0
Action,R,152.0,8.4,178742.0
Action,PG-13,95.0,5.9,23545.0
Comedy,PG-13,102.0,,
Action,PG-13,130.0,3.5,81283.0
Comedy,R,107.0,6.8,15486.0
Drama,PG-13,131.0,,
Comedy,PG-13,96.0,6.4,33389.0
Comedy,PG-13,100.0,4.8,26834.0
Comedy,PG,90.0,,
Drama,R,108.0,6.7,5026.0
Comedy,PG-13,98.0,6.2,19470.0
Horror,R,101.0,4.3,7235.0
Drama,PG-13,144.0,7.5,102936.0
Drama,PG-13,141.0,5.7,224.0
Comedy,PG,82.0,3.4,15318.0
Action,PG-13,104.0,3.2,34651.0
Adventure,PG,77.0,,
Action,R,109.0,5.2,24358.0
Adventure,PG,95.0,4.6,7082.0
Adventure,PG,94.0,6.4,14905.0
Comedy,PG,115.0,7.1,102437.0
Action,PG-13,106.0,4.7,43942.0
Adventure,PG-13,98.0,5.5,60791.0
Musical,PG-13,113.0,7.2,82650.0
Adventure,G,80.0,5.8,17415.0
Adventure,G,84.0,7.3,48307.0
Comedy,PG,98.0,5.6,24283.0
Comedy,PG,94.0,5.2,11858.0
Horror,R,89.0,5.3,13735.0
Drama,R,139.0,6.2,8580.0
Drama,PG-13,122.0,7.3,56176.0
Drama,G,98.0,6.7,8028.0
Drama,PG-13,144.0,8.0,63111.0
Drama,PG-13,117.0,6.4,40053.0
Drama,PG-13,112.0,6.4,14244.0
Comedy,G,104.0,5.5,9061.0
Drama,R,152.0,7.3,51083.0
Comedy,PG-13,91.0,4.0,5277.0
Drama,R,104.0,2.9,212.0
Action,R,122.0,6.7,78705.0
Drama,PG-13,136.0,7.1,23526.0
Comedy,PG,100.0,4.1,4063.0
Comedy,PG,102.0,5.1,9527.0
Action,R,120.0,7.8,105362.0
Comedy,R,94.0,4.3,6496.0
Action,R,115.0,6.6,76052.0
Drama,PG,150.0,7.3,73684.0
Drama,PG-13,104.0,6.8,5017.0
Comedy,PG-13,86.0,4.2,6739.0
Adventure,PG,100.0,7.8,38464.0
Comedy,PG,89.0,4.3,9976.0
Drama,R,105.0,6.9,35192.0
Comedy,PG-13,113.0,5.5,18332.0
Action,R,88.0,7.1,71094.0
Horror,R,101.0,5.4,14834.0
Comedy,PG,90.0,,
Action,R,110.0,5.8,9008.0
Action,R,113.0,7.0,17975.0
Drama,R,107.0,6.1,20886.0
Drama,PG-13,93.0,6.6,4894.0
Drama,PG-13,131.0,7.6,40605.0
Drama,R,95.0,6.7,66861.0
Adventure,PG,94.0,5.0,6392.0
Comedy,PG,91.0,5.2,16912.0
Drama,PG-13,114.0,6.6,430.0
Drama,PG-13,101.0,5.3,33808.0
Comedy,PG,90.0,7.2,19913.0
Comedy,PG,85.0,2.4,6809.0
Comedy,PG,92.0,5.5,14944.0
Drama,PG-13,116.0,4.9,5565.0
Comedy,PG-13,83.0,3.4,5002.0
Action,PG-13,105.0,5.5,63574.0
Horror,R,100.0,7.4,73875.0
Drama,PG-13,130.0,7.6,14530.0
Action,R,105.0,6.0,28887.0
,R,149.0,7.4,10383.0
Action,R,105.0,5.6,44191.0
Comedy,PG-13,91.0,5.1,6968.0
Comedy,PG-13,96.0,5.5,39756.0
Adventure,PG,88.0,4.4,1177.0
Comedy,PG,95.0,7.7,10529.0
Comedy,R,88.0,5.6,25397.0
Horror,PG-13,86.0,4.6,12771.0
Drama,PG-13,104.0,5.8,14098.0
Action,PG-13,128.0,7.5,130559.0
Action,R,85.0,7.1,21427.0
Comedy,PG-13,88.0,1.7000000000000002,34928.0
Adventure,PG,82.0,6.2,13962.0
Comedy,R,135.0,7.3,100476.0
Action,R,133.0,5.9,32560.0
Drama,R,121.0,7.7,65462.0
Adventure,G,77.0,4.8,920.0
Adventure,PG-13,120.0,6.0,54160.0
Drama,R,152.0,8.5,264148.0
Horror,R,99.0,4.8,14077.0
Action,R,105.0,6.6,40611.0
Horror,PG-13,99.0,7.1,51343.0
Drama,PG-13,120.0,,
Comedy,PG,87.0,6.0,2993.0
Comedy,PG-13,85.0,5.2,25648.0
,PG-13,98.0,6.7,5380.0
Action,PG-13,117.0,4.2,18795.0
Drama,R,136.0,5.3,34141.0
Musical,PG-13,130.0,6.6,28016.0
Comedy,PG-13,118.0,5.2,18165.0
Comedy,PG,80.0,3.0,10050.0
Action,PG-13,88.0,6.8,162.0
Comedy,R,90.0,5.1,6628.0
Comedy,PG-13,105.0,4.7,27016.0
Comedy,PG-13,85.0,3.3,14813.0
Drama,R,144.0,,
Action,PG-13,90.0,3.8,14081.0
Comedy,PG-13,87.0,5.0,9193.0
Comedy,PG-13,122.0,6.0,21734.0
Comedy,PG,95.0,6.8,42123.0
Drama,R,124.0,7.6,33773.0
Comedy,PG,96.0,6.3,12020.0
Action,R,102.0,6.2,54413.0
Comedy,PG-13,103.0,5.4,17845.0
Adventure,G,78.0,7.4,23355.0
Action,R,120.0,5.4,43513.0
Drama,R,131.0,7.4,59916.0
Action,R,127.0,7.2,66700.0
Comedy,PG-13,86.0,2.2,48975.0
Adventure,PG,102.0,5.0,43555.0
Drama,R,133.0,7.2,54977.0
Drama,PG-13,133.0,6.4,31775.0
Drama,R,143.0,4.7,3019.0
Comedy,R,108.0,8.5,219986.0
Drama,R,109.0,7.0,4509.0
Horror,R,95.0,6.3,44671.0
Drama,PG,122.0,,
Musical,PG,134.0,6.1,16769.0
Comedy,PG-13,102.0,5.9,39590.0
Action,R,100.0,5.2,14528.0
Horror,R,114.0,5.0,15901.0
Drama,PG,129.0,7.1,4749.0
Drama,R,159.0,7.2,93880.0
Horror,R,102.0,6.3,36139.0
Comedy,PG-13,103.0,6.3,24434.0
Comedy,PG-13,98.0,4.8,6654.0
Action,R,138.0,7.3,102001.0
Horror,R,90.0,6.4,35737.0
Action,PG-13,105.0,7.4,131252.0
Comedy,PG-13,99.0,5.9,30309.0
Action,PG-13,123.0,5.7,71675.0
Drama,R,92.0,5.6,15023.0
Action,PG-13,107.0,5.1,44151.0
Action,PG-13,107.0,6.0,67939.0
Horror,R,93.0,6.9,11683.0
Drama,R,139.0,8.8,382470.0
Adventure,PG-13,120.0,6.4,36227.0
Drama,PG-13,137.0,7.2,35966.0
Horror,R,98.0,6.8,52618.0
Drama,PG,94.0,5.7,2832.0
Comedy,PG,93.0,4.6,18890.0
Comedy,PG,85.0,7.0,21334.0
Drama,PG-13,139.0,6.5,13934.0
Adventure,G,89.0,4.7,1653.0
Comedy,PG-13,126.0,6.6,34090.0
Adventure,G,100.0,8.2,165006.0
Drama,PG-13,96.0,7.4,72562.0
Action,PG,92.0,,
Action,PG-13,105.0,6.7,36548.0
Drama,PG-13,122.0,7.5,18065.0
Comedy,R,98.0,5.3,10176.0
Comedy,PG,97.0,6.5,29137.0
Drama,PG-13,118.0,7.3,35968.0
Action,PG-13,119.0,8.0,106648.0
Comedy,R,85.0,5.3,6742.0
Drama,R,123.0,7.3,26243.0
Drama,PG-13,117.0,7.2,20868.0
Drama,PG,122.0,5.6,5498.0
Drama,R,122.0,7.9,36366.0
Drama,R,90.0,6.1,8680.0
Comedy,R,90.0,7.2,40877.0
Comedy,PG-13,90.0,6.3,1788.0
Drama,R,121.0,,
Comedy,PG-13,86.0,6.2,7780.0
Drama,R,168.0,7.4,113378.0
Comedy,PG,80.0,4.8,19870.0
Drama,R,111.0,5.8,10902.0
Drama,R,114.0,,
Comedy,PG,87.0,5.0,1961.0
Drama,R,104.0,6.1,13007.0
Drama,PG-13,126.0,6.8,12400.0
Horror,R,91.0,5.3,25891.0
Action,PG-13,110.0,5.2,63235.0
Drama,R,124.0,5.5,23807.0
Action,PG-13,118.0,5.8,47052.0
Drama,R,127.0,,
Action,R,150.0,8.3,279512.0
Drama,R,187.0,8.4,198916.0
Drama,R,116.0,6.1,23570.0
Drama,PG,121.0,6.9,16809.0
Action,PG-13,139.0,4.8,59455.0
,PG-13,118.0,6.4,2940.0
Drama,R,126.0,8.1,150415.0
Comedy,R,137.0,7.3,36648.0
Comedy,PG,110.0,6.3,14984.0
Comedy,PG,104.0,7.2,52507.0
Drama,PG-13,98.0,6.2,2084.0
Drama,R,109.0,7.9,92594.0
Comedy,PG,91.0,5.3,19685.0
Comedy,PG,104.0,5.7,40310.0
Horror,R,191.0,7.9,82770.0
Adventure,G,85.0,7.9,38158.0
Horror,PG-13,102.0,4.6,16024.0
Horror,PG-13,96.0,5.7,43218.0
Comedy,PG-13,102.0,5.8,13488.0
Comedy,PG-13,103.0,5.7,15789.0
Horror,R,105.0,4.5,9284.0
Musical,PG,117.0,7.2,41511.0
Comedy,R,84.0,6.3,18791.0
Drama,R,120.0,7.0,26347.0
Comedy,PG-13,98.0,5.5,18964.0
Comedy,PG,80.0,6.7,20461.0
Comedy,PG-13,95.0,5.1,8447.0
Drama,R,134.0,6.8,14494.0
Action,R,109.0,3.2,77.0
Action,PG-13,122.0,6.8,67763.0
Comedy,PG-13,119.0,5.7,10526.0
Action,PG-13,96.0,,
Horror,PG-13,114.0,4.6,31808.0
Comedy,R,114.0,7.6,69740.0
Action,R,93.0,6.8,520.0
Horror,R,88.0,5.0,17948.0
Comedy,R,109.0,6.7,25756.0
Horror,R,85.0,,
Horror,R,89.0,3.9,13181.0
Comedy,PG,94.0,5.4,4772.0
Comedy,R,99.0,7.9,127634.0
Comedy,PG-13,95.0,4.3,6098.0
Drama,PG,117.0,7.1,19388.0
Horror,R,112.0,5.5,41499.0
Drama,PG-13,94.0,4.6,13026.0
Drama,PG-13,114.0,5.3,9168.0
Comedy,PG-13,83.0,6.5,22250.0
Drama,PG-13,115.0,7.6,44618.0
Comedy,PG-13,105.0,5.4,16242.0
Comedy,R,93.0,5.5,14470.0
Comedy,R,93.0,,
Adventure,PG,161.0,7.2,120063.0
Adventure,PG,141.0,7.7,108928.0
Adventure,PG-13,157.0,7.6,111946.0
Adventure,PG-13,138.0,7.4,104074.0
Adventure,PG,153.0,7.3,73720.0
Adventure,PG,152.0,7.2,132238.0
Adventure,PG,108.0,6.7,42369.0
Adventure,G,92.0,6.8,21902.0
Drama,PG-13,106.0,4.1,165.0
Action,R,96.0,5.6,14375.0
Drama,PG-13,168.0,6.3,15831.0
Comedy,PG,103.0,6.6,61513.0
Comedy,R,121.0,8.0,129779.0
Action,PG-13,138.0,5.7,70844.0
Adventure,PG-13,112.0,7.1,82419.0
Adventure,G,86.0,6.5,19479.0
Action,R,94.0,5.8,18941.0
Comedy,PG-13,101.0,6.2,48935.0
Action,PG-13,116.0,5.2,16452.0
Adventure,PG,93.0,7.1,33289.0
Adventure,PG,81.0,7.4,75552.0
Comedy,PG-13,97.0,6.7,8078.0
Musical,R,121.0,5.8,3056.0
Comedy,PG,86.0,6.0,6614.0
Horror,R,101.0,4.1,23268.0
Horror,R,101.0,5.4,36807.0
Drama,PG-13,110.0,7.7,92040.0
Adventure,PG-13,122.0,7.1,33374.0
Comedy,PG,107.0,5.4,3092.0
Drama,R,118.0,7.1,6917.0
Adventure,PG,105.0,6.1,14157.0
Comedy,PG-13,92.0,6.1,18773.0
Comedy,PG-13,115.0,6.1,46347.0
Drama,R,157.0,8.0,68747.0
Comedy,PG,77.0,3.9,13881.0
Drama,R,123.0,6.2,15388.0
Action,PG-13,115.0,,
Action,PG-13,126.0,7.9,174040.0
Adventure,PG,86.0,7.9,38791.0
Action,PG-13,97.0,5.3,18061.0
Adventure,PG-13,111.0,6.9,76835.0
Comedy,PG,95.0,4.6,6932.0
Drama,R,154.0,7.6,84068.0
Drama,R,115.0,7.2,60650.0
Action,PG-13,125.0,6.3,59406.0
Action,PG-13,133.0,6.0,67476.0
Action,PG-13,144.0,8.0,172936.0
Comedy,R,92.0,6.3,27454.0
Adventure,PG,92.0,5.9,23756.0
Comedy,PG-13,91.0,5.4,18666.0
Horror,R,91.0,5.7,30610.0
Comedy,PG,87.0,5.8,29246.0
Horror,R,104.0,5.3,15975.0
Comedy,PG-13,97.0,3.8,3278.0
Comedy,PG-13,102.0,6.2,27370.0
Adventure,G,72.0,5.2,2740.0
Comedy,PG,98.0,5.3,5313.0
Action,PG-13,81.0,4.3,2316.0
Drama,PG-13,116.0,6.6,32338.0
Adventure,G,82.0,6.3,1704.0
Comedy,R,104.0,6.8,62692.0
Comedy,PG-13,95.0,7.9,149855.0
Action,PG-13,92.0,7.9,151365.0
Horror,R,97.0,5.8,39182.0
Action,PG-13,138.0,6.5,22288.0
Comedy,PG,89.0,4.1,9994.0
Action,R,98.0,6.3,22087.0
Adventure,PG,140.0,6.1,20039.0
Comedy,PG,90.0,6.9,3841.0
Action,R,136.0,8.0,182834.0
Action,R,111.0,8.2,231761.0
Comedy,PG,94.0,,
Adventure,PG-13,187.0,7.6,132720.0
Action,PG-13,109.0,6.6,13887.0
Action,R,110.0,7.1,47200.0
Comedy,PG-13,96.0,4.3,12747.0
Drama,PG-13,121.0,7.3,50475.0
Comedy,PG,98.0,4.7,9126.0
Adventure,PG-13,132.0,6.6,47609.0
Drama,PG-13,122.0,7.8,26816.0
Drama,R,137.0,8.4,165161.0
Action,PG-13,105.0,6.5,23369.0
Comedy,R,104.0,6.2,39242.0
Comedy,PG-13,101.0,5.3,16830.0
Comedy,PG-13,106.0,7.5,32423.0
Drama,R,136.0,7.8,37162.0
Drama,PG-13,113.0,5.9,20355.0
Horror,PG-13,100.0,7.1,153631.0
Drama,R,90.0,,
Drama,R,141.0,8.1,56872.0
Drama,R,125.0,7.4,32172.0
Comedy,PG-13,87.0,6.7,67798.0
Comedy,R,118.0,7.2,57889.0
Comedy,R,108.0,5.3,99.0
Comedy,PG,99.0,4.4,4870.0
Adventure,PG,85.0,7.1,25611.0
Comedy,PG,94.0,4.7,10199.0
Drama,R,121.0,7.8,54022.0
Comedy,R,101.0,8.0,151013.0
Comedy,PG-13,98.0,6.7,13550.0
Drama,R,90.0,6.2,22264.0
Action,PG-13,97.0,,
Adventure,PG-13,131.0,4.8,31611.0
Drama,PG-13,125.0,6.7,5835.0
Adventure,PG-13,179.0,8.7,326950.0
Adventure,PG-13,201.0,8.8,364077.0
Adventure,PG-13,178.0,8.8,387438.0
Comedy,R,91.0,6.7,4585.0
Action,PG-13,101.0,5.4,12250.0
Action,R,154.0,7.8,106002.0
Drama,PG,108.0,3.9,7210.0
Drama,R,102.0,7.9,130998.0
Action,PG-13,134.0,6.0,77124.0
Action,R,127.0,6.4,47846.0
Drama,R,104.0,7.1,4719.0
Drama,PG-13,122.0,5.9,9870.0
Comedy,G,95.0,4.7,14178.0
Drama,PG-13,137.0,6.2,13612.0
Drama,R,117.0,5.6,163.0
Adventure,PG,140.0,,
Comedy,PG-13,113.0,6.2,39752.0
Adventure,PG,83.0,6.6,56480.0
Comedy,PG-13,83.0,5.0,7706.0
Comedy,PG,91.0,5.3,23753.0
Action,R,110.0,5.7,14953.0
Drama,R,118.0,7.4,49481.0
Action,PG-13,91.0,4.5,13157.0
Action,R,136.0,8.7,380934.0
Comedy,R,103.0,5.8,14617.0
Horror,R,101.0,5.7,18037.0
Action,PG-13,97.0,5.6,5733.0
Drama,PG,107.0,,
Comedy,PG-13,103.0,5.7,16646.0
Adventure,PG-13,138.0,7.5,63632.0
Comedy,PG,91.0,6.7,13391.0
Drama,PG-13,132.0,8.2,141212.0
Comedy,PG-13,97.0,7.0,63607.0
Drama,PG-13,145.0,7.1,38695.0
Adventure,PG-13,98.0,7.0,119704.0
Drama,R,128.0,6.8,30630.0
Drama,R,113.0,8.7,274524.0
Drama,PG-13,132.0,5.6,13108.0
Drama,PG-13,154.0,6.9,56067.0
Drama,R,188.0,8.0,121540.0
Action,PG-13,88.0,7.4,467.0
Comedy,PG-13,115.0,4.7,14297.0
Action,PG-13,124.0,6.9,86222.0
Comedy,PG-13,110.0,6.1,42323.0
Adventure,PG,114.0,5.4,9187.0
Drama,PG,153.0,6.8,24809.0
Comedy,PG-13,86.0,4.8,8159.0
Adventure,PG,116.0,5.1,32449.0
Drama,R,129.0,5.7,14706.0
Drama,R,155.0,6.5,18960.0
Adventure,PG-13,132.0,7.2,561.0
Comedy,PG-13,95.0,5.1,16320.0
Drama,PG-13,117.0,6.1,23657.0
Drama,R,111.0,7.2,38023.0
Comedy,PG-13,120.0,7.2,265.0
Drama,R,109.0,7.4,39908.0
Adventure,G,95.0,7.4,39908.0
Action,R,95.0,5.7,8640.0
Musical,PG-13,123.0,7.3,2105.0
Drama,PG-13,107.0,7.1,2417.0
Comedy,PG-13,115.0,6.4,69613.0
Comedy,PG-13,108.0,7.0,84924.0
Drama,PG,92.0,6.1,126.0
Action,PG-13,145.0,7.7,135142.0
Action,PG-13,91.0,3.2,16672.0
Comedy,PG,95.0,6.1,14934.0
Drama,PG,92.0,7.1,10236.0
Drama,R,100.0,6.7,13881.0
Action,R,138.0,7.1,148874.0
Action,R,129.0,6.5,123347.0
Adventure,G,88.0,7.2,34256.0
Adventure,PG-13,124.0,6.8,95658.0
Adventure,PG-13,129.0,6.2,68084.0
Adventure,PG-13,111.0,5.1,41570.0
Comedy,G,88.0,6.1,5945.0
Comedy,PG,108.0,6.4,67133.0
Adventure,PG-13,104.0,4.4,7812.0
Action,R,132.0,6.0,51921.0
Adventure,PG,95.0,6.8,26582.0
Action,R,124.0,5.9,37696.0
Comedy,PG-13,105.0,6.2,37287.0
Comedy,PG-13,83.0,,
Drama,PG,95.0,6.9,9029.0
Comedy,PG,93.0,4.5,4918.0
Comedy,PG-13,102.0,6.3,6366.0
Drama,PG-13,108.0,7.4,13839.0
Comedy,PG,120.0,,
Drama,R,137.0,8.0,119484.0
Adventure,PG,131.0,6.9,83989.0
Drama,PG,102.0,6.6,4701.0
Adventure,PG-13,109.0,5.7,22859.0
Adventure,PG,121.0,8.1,159123.0
Action,R,138.0,7.2,46511.0
Comedy,PG-13,88.0,5.4,14268.0
Comedy,PG-13,109.0,6.8,25695.0
Comedy,PG-13,90.0,5.0,35082.0
Comedy,PG,104.0,5.9,25631.0
Drama,PG-13,90.0,6.8,24021.0
Drama,PG-13,123.0,8.0,95850.0
Comedy,PG,82.0,6.9,76557.0
Drama,PG-13,122.0,7.5,9700.0
Adventure,G,83.0,5.9,5379.0
Comedy,PG-13,107.0,4.3,17075.0
Drama,PG,106.0,7.9,86828.0
Drama,R,147.0,8.2,99464.0
Comedy,PG-13,82.0,6.1,23742.0
Comedy,PG-13,116.0,7.6,139034.0
Adventure,PG-13,125.0,6.0,89861.0
Adventure,PG-13,122.0,6.9,76884.0
Drama,R,162.0,6.6,48477.0
Drama,R,96.0,7.0,42134.0
Drama,R,127.0,6.9,5591.0
Action,R,97.0,4.7,887.0
Drama,PG,124.0,6.0,2993.0
Adventure,PG,87.0,6.0,52.0
Comedy,R,91.0,7.0,60477.0
Adventure,R,115.0,6.4,18299.0
Drama,R,129.0,7.1,38263.0
Comedy,PG-13,92.0,4.9,6338.0
Comedy,PG,97.0,5.3,22590.0
Drama,R,127.0,7.1,87326.0
Comedy,PG-13,110.0,6.3,31481.0
Action,R,110.0,5.8,304.0
Comedy,G,115.0,5.9,23486.0
Action,R,123.0,5.8,21524.0
Adventure,PG,113.0,7.1,16894.0
Musical,PG-13,143.0,7.2,42832.0
Drama,R,149.0,8.5,134516.0
Adventure,PG-13,143.0,8.0,232719.0
Adventure,PG-13,151.0,7.3,150446.0
Adventure,PG-13,167.0,7.0,133241.0
Adventure,PG-13,119.0,6.4,49383.0
Horror,R,110.0,7.0,55217.0
Action,R,135.0,6.1,23099.0
Adventure,PG-13,120.0,5.5,72763.0
Drama,R,104.0,4.8,2072.0
Horror,R,85.0,6.7,53455.0
Action,R,124.0,6.4,50482.0
Adventure,G,99.0,,
Adventure,G,99.0,6.7,28550.0
Adventure,G,72.0,,
Comedy,PG-13,105.0,5.5,20196.0
Comedy,R,134.0,7.5,25415.0
Comedy,R,143.0,6.7,15340.0
Drama,R,109.0,7.5,24504.0
Drama,R,129.0,6.7,24596.0
Drama,R,117.0,,
Action,R,109.0,6.9,22257.0
Drama,R,147.0,7.5,51704.0
Drama,PG-13,116.0,7.8,77939.0
Drama,PG-13,80.0,6.9,17454.0
Action,PG-13,183.0,5.4,96186.0
Adventure,PG,97.0,6.8,24569.0
Horror,PG-13,85.0,5.1,4263.0
Action,PG-13,103.0,,
Action,R,177.0,5.5,24045.0
Horror,R,100.0,4.5,19769.0
Drama,R,165.0,6.9,78302.0
Action,R,101.0,6.1,20865.0
Drama,PG-13,125.0,7.6,26331.0
Drama,PG-13,123.0,6.8,36762.0
Horror,R,101.0,4.7,20268.0
Drama,PG-13,103.0,7.6,34785.0
Adventure,G,85.0,5.0,3053.0
Drama,PG,109.0,6.9,12070.0
Drama,PG-13,135.0,6.9,20514.0
Drama,R,133.0,4.8,11100.0
Adventure,G,79.0,,
Adventure,PG,84.0,5.0,1847.0
Comedy,G,111.0,8.1,131929.0
Drama,PG-13,152.0,,
Action,PG-13,140.0,6.9,34501.0
Adventure,PG,89.0,6.4,27361.0
Comedy,PG,110.0,5.2,5086.0
Drama,PG,102.0,7.4,63717.0
Adventure,PG,90.0,6.4,8876.0
Drama,R,123.0,7.7,46984.0
Horror,R,100.0,5.6,19881.0
Comedy,G,83.0,6.2,2176.0
Drama,R,90.0,6.1,5759.0
Drama,R,128.0,7.7,39234.0
Horror,R,110.0,5.4,10249.0
Comedy,PG-13,118.0,6.2,21542.0
Action,R,86.0,5.9,13905.0
Horror,R,94.0,5.8,52753.0
Action,R,95.0,6.2,49502.0
Horror,R,100.0,6.4,68342.0
Action,PG-13,102.0,5.9,38414.0
Action,R,104.0,5.5,16822.0
Drama,R,111.0,6.9,20451.0
Adventure,G,79.0,5.4,4857.0
Drama,PG-13,131.0,6.2,11895.0
Horror,PG-13,111.0,5.1,28408.0
Comedy,PG,91.0,4.1,10320.0
Comedy,R,81.0,5.8,15684.0
Drama,R,120.0,7.3,45439.0
Comedy,PG-13,102.0,6.3,11859.0
Drama,G,128.0,5.5,8453.0
Action,R,114.0,5.9,25309.0
Action,R,121.0,7.2,57484.0
Comedy,PG-13,112.0,6.4,40087.0
Action,PG-13,125.0,7.5,37764.0
Drama,PG,113.0,7.5,49844.0
Comedy,R,94.0,6.4,44702.0
Action,PG-13,104.0,6.6,30855.0
Comedy,R,116.0,6.0,12926.0
Action,PG-13,90.0,6.4,52049.0
Action,PG-13,91.0,6.0,39312.0
Action,PG-13,98.0,6.8,55248.0
Adventure,PG-13,123.0,5.9,30739.0
Action,PG-13,116.0,5.9,27413.0
Drama,PG-13,132.0,7.4,36448.0
Horror,R,100.0,7.7,112785.0
Horror,R,91.0,6.8,76530.0
Horror,R,107.0,6.3,60784.0
Horror,R,91.0,6.2,18091.0
Drama,PG-13,141.0,7.4,31033.0
Comedy,R,82.0,4.7,43941.0
Comedy,PG-13,84.0,5.4,42829.0
Comedy,PG,93.0,4.8,10749.0
Comedy,PG,86.0,4.7,26018.0
Drama,R,125.0,7.3,53760.0
Comedy,PG-13,108.0,7.2,63188.0
Comedy,PG-13,101.0,6.0,15536.0
Horror,R,110.0,2.9,217.0
Horror,R,120.0,5.9,48196.0
Horror,R,118.0,5.3,38230.0
Action,PG-13,91.0,5.3,30359.0
Adventure,PG-13,128.0,7.9,87883.0
Drama,PG,127.0,6.3,7996.0
Drama,PG-13,95.0,2.6,17830.0
Drama,PG-13,139.0,6.7,29020.0
Action,R,99.0,6.3,57952.0
Action,R,99.0,5.9,32881.0
Comedy,R,88.0,6.0,68541.0
Adventure,PG,90.0,8.0,163855.0
Adventure,PG,92.0,7.5,95658.0
Adventure,PG,92.0,6.1,59778.0
Adventure,PG,93.0,6.7,12193.0
Adventure,PG,90.0,5.9,40019.0
Comedy,PG-13,95.0,5.3,22128.0
Action,R,116.0,,
Drama,PG,110.0,6.7,11371.0
Comedy,PG-13,86.0,7.6,117656.0
Adventure,PG,86.0,6.6,7895.0
Action,R,126.0,8.3,255814.0
Adventure,PG,102.0,6.6,20923.0
Horror,R,105.0,7.5,107511.0
Drama,PG-13,110.0,7.0,7077.0
Horror,R,131.0,6.4,74862.0
Drama,R,116.0,8.3,176325.0
Comedy,PG-13,110.0,5.9,20571.0
Action,PG-13,112.0,4.7,189.0
Comedy,R,108.0,6.6,57313.0
Comedy,PG,108.0,6.9,51614.0
Adventure,PG-13,114.0,6.2,24893.0
Comedy,PG,99.0,4.9,7561.0
Comedy,PG,89.0,4.4,4611.0
Drama,PG-13,117.0,6.7,14257.0
Adventure,PG,110.0,6.4,9108.0
Comedy,R,114.0,6.4,2636.0
Comedy,R,80.0,,
Comedy,PG,87.0,5.6,29293.0
Comedy,PG-13,103.0,6.7,30660.0
Action,PG-13,97.0,4.8,21366.0
Comedy,R,112.0,7.8,134212.0
Adventure,PG,90.0,,
Adventure,PG-13,130.0,6.3,29983.0
Action,PG-13,125.0,3.4,30896.0
Horror,PG-13,132.0,5.6,31461.0
Comedy,PG,92.0,2.9,18010.0
Adventure,PG-13,127.0,7.7,141940.0
Adventure,PG-13,139.0,6.4,141513.0
Adventure,PG-13,121.0,7.4,167524.0
Comedy,PG-13,112.0,8.1,17461.0
Comedy,PG,97.0,4.9,3673.0
Adventure,PG-13,157.0,6.6,102751.0
Action,R,126.0,6.9,44850.0
Adventure,PG,100.0,,
Adventure,PG,84.0,4.1,12352.0
Adventure,PG,88.0,5.7,23479.0
Comedy,PG-13,82.0,6.0,103.0
Adventure,G,84.0,6.6,8622.0
Adventure,PG,142.0,,
Adventure,PG-13,140.0,,
Action,R,129.0,7.1,83516.0
Horror,PG-13,91.0,4.5,13658.0
Drama,R,124.0,5.1,3080.0
Comedy,PG-13,93.0,5.1,26712.0
Drama,PG-13,127.0,6.2,18505.0
Drama,PG-13,113.0,4.3,13737.0
Comedy,PG-13,112.0,7.8,74218.0
Comedy,PG-13,103.0,5.9,9556.0
Horror,R,103.0,6.0,29411.0
Comedy,PG,92.0,5.8,23226.0
Comedy,PG,78.0,5.6,7534.0
Drama,PG-13,130.0,6.2,55716.0
Adventure,PG-13,111.0,6.2,6557.0
Drama,PG-13,98.0,6.1,21691.0
Adventure,PG-13,111.0,7.6,45106.0
Adventure,PG,100.0,6.4,26559.0
Adventure,PG-13,117.0,6.4,28449.0
Adventure,PG,133.0,,
Comedy,PG-13,118.0,5.9,23196.0
Action,PG-13,124.0,6.3,38586.0
Adventure,PG,86.0,7.0,20974.0
Action,PG-13,104.0,6.3,36940.0
Drama,R,142.0,6.5,18431.0
Drama,R,169.0,8.5,270540.0
Action,PG-13,117.0,5.9,43260.0
Drama,R,125.0,7.8,69778.0
Drama,PG-13,86.0,4.6,9577.0
Drama,PG-13,120.0,6.0,20891.0
Comedy,PG-13,107.0,6.2,9309.0
Adventure,PG,98.0,5.4,17513.0
Drama,R,139.0,7.2,63319.0
Horror,R,90.0,4.0,16122.0
Drama,PG-13,118.0,5.4,3351.0
Action,PG-13,133.0,5.3,27375.0
Drama,R,111.0,6.7,37692.0
Drama,R,97.0,7.5,7560.0
Adventure,G,93.0,6.1,7460.0
Comedy,R,98.0,7.3,58763.0
Drama,PG,116.0,6.7,5435.0
Action,R,121.0,6.4,34304.0
Comedy,R,89.0,5.5,36678.0
Drama,PG,95.0,7.4,34482.0
Action,R,109.0,6.6,107667.0
Action,PG-13,116.0,,
Action,PG-13,140.0,7.3,197131.0
Action,PG-13,149.0,6.0,95786.0
Comedy,R,89.0,,
Drama,R,119.0,4.5,229.0
Adventure,PG,85.0,6.7,1104.0
Horror,PG-13,101.0,3.3,15760.0
Drama,R,166.0,7.5,60966.0
Drama,PG-13,145.0,7.3,23578.0
Comedy,PG,104.0,5.9,14927.0
Horror,R,96.0,5.2,22795.0
Action,PG-13,87.0,5.6,24416.0
Action,R,103.0,6.3,36151.0
Action,PG-13,99.0,5.0,19370.0
Adventure,G,77.0,6.0,2986.0
Adventure,PG,95.0,6.4,22286.0
Adventure,PG-13,110.0,5.5,50710.0
Adventure,PG-13,96.0,5.6,32465.0
Horror,R,127.0,7.4,76830.0
Action,PG,88.0,6.6,26178.0
Action,PG-13,119.0,6.4,46650.0
Adventure,PG-13,117.0,5.2,32832.0
Adventure,PG-13,101.0,5.4,55582.0
Adventure,PG-13,124.0,6.3,92241.0
Horror,PG-13,104.0,7.8,86091.0
Drama,R,123.0,8.7,493.0
Adventure,G,92.0,8.0,119357.0
Adventure,G,102.0,8.9,67380.0
Action,R,106.0,6.5,33452.0
Adventure,PG,96.0,6.6,12099.0
Drama,R,147.0,7.8,85759.0
Drama,R,122.0,7.6,82057.0
Horror,PG-13,115.0,5.5,589.0
Drama,PG-13,128.0,7.1,79803.0
Action,PG-13,92.0,6.6,51005.0
Comedy,R,106.0,7.2,104839.0
Action,R,163.0,7.0,129575.0
Action,PG-13,124.0,5.5,52636.0
Drama,PG,102.0,8.0,156346.0
Adventure,G,88.0,6.9,26871.0
Drama,PG-13,130.0,,
Drama,PG-13,124.0,,
Drama,PG-13,120.0,6.1,4840.0
Horror,R,90.0,5.8,20196.0
Horror,R,98.0,6.1,39172.0
Action,R,82.0,6.9,13929.0
Action,PG-13,116.0,6.4,32528.0
Comedy,PG-13,86.0,5.7,14237.0
Comedy,PG-13,92.0,6.6,65329.0
Comedy,PG,87.0,3.7,4133.0
Action,R,121.0,6.7,65690.0
Drama,R,123.0,6.6,23998.0
Adventure,PG,96.0,8.4,110491.0
Horror,R,100.0,5.2,19113.0
Horror,R,98.0,3.7,7609.0
Horror,R,96.0,4.3,11435.0
Drama,PG-13,126.0,6.4,21995.0
Drama,R,120.0,7.4,27529.0
Drama,R,95.0,,
Action,PG-13,132.0,5.5,68846.0
Action,PG-13,124.0,5.6,24294.0
Horror,R,108.0,6.8,54.0
Comedy,PG,90.0,3.3,5491.0
Drama,R,104.0,6.0,18066.0
Drama,R,120.0,7.0,36092.0
Comedy,R,93.0,,
Comedy,PG,91.0,,
Comedy,G,97.0,8.5,182257.0
Action,R,99.0,6.2,28771.0
Action,R,131.0,,
Action,PG-13,116.0,7.2,12074.0
Drama,R,100.0,8.2,1704.0
Comedy,R,111.0,7.5,31572.0
Comedy,PG-13,109.0,5.0,25970.0
Drama,R,120.0,6.8,8778.0
Comedy,R,113.0,,
Drama,R,117.0,7.0,38163.0
Drama,R,138.0,6.9,42580.0
Comedy,PG,105.0,5.7,12561.0
Drama,PG-13,120.0,6.4,13302.0
Comedy,PG-13,114.0,4.5,5700.0
Drama,PG-13,113.0,6.6,30486.0
Drama,PG-13,135.0,6.5,2855.0
Adventure,PG,100.0,7.2,30669.0
Action,R,134.0,5.8,26421.0
Drama,PG-13,80.0,7.9,85235.0
Drama,PG,102.0,7.1,38045.0
Adventure,PG-13,107.0,4.3,54183.0
Drama,PG-13,101.0,,
Action,R,110.0,6.4,1089.0
Comedy,PG-13,114.0,7.9,5519.0
Comedy,R,106.0,6.1,3224.0
Comedy,PG-13,95.0,5.7,17207.0
Comedy,PG-13,98.0,5.0,6727.0
Drama,R,109.0,8.2,93301.0
Action,PG-13,87.0,6.0,20517.0
Adventure,PG,106.0,6.3,40281.0
Comedy,PG-13,86.0,5.7,43251.0
Action,PG-13,104.0,5.9,35433.0
Action,PG-13,120.0,,
Action,PG-13,104.0,7.4,120706.0
Action,PG-13,133.0,7.8,112320.0
,,79.0,6.2,260.0
Action,,103.0,7.1,42427.0
Comedy,PG-13,116.0,,
Comedy,PG-13,97.0,5.0,23091.0
Comedy,PG-13,104.0,7.0,62150.0
Comedy,PG,90.0,7.6,259.0
Drama,PG,119.0,6.2,52587.0
Adventure,PG,113.0,,
Comedy,PG-13,89.0,6.4,69296.0
Comedy,R,87.0,7.8,81629.0
Comedy,R,101.0,7.0,55687.0
Adventure,PG,129.0,5.7,21161.0
Adventure,PG-13,136.0,6.7,4789.0